reporting_status,product,industry,region,strength_in_segment,profit_for_customer,sales_value,profit_perc,joint_bid_portion
Lost,F,Cap,Oth,57,1.225,6.5,64,59
Lost,L,Def,UK,51,1.469,9.9,56,58
Lost,Lo,Cli,UK,79,0.887,7,59,48
Lost,G,Fin,UK,55,1.316,8.9,34,41
Won,G,Sec,UK,32,1.01,5.7,43,63
Lost,G,Sec,Sin,73,1.267,7.9,42,56
Won,G,Air,UK,56,0.791,9.6,35,58
Lost,G,Def,Ame,50,0.82,4.6,56,44
Won,F,Ins,UK,31,0.452,9.1,51,68
Won,G,Ban,Afr,52,0.934,8,46,61
Lost,G,Def,Ame,50,1.225,7.2,51,62
Won,Li,Cap,Oth,47,0.796,10.6,48,46
Lost,Li,Con,UK,46,2.112,7.5,55,90
Lost,P,Sec,Ind,44,1.56,8.8,48,47
Won,C,Ban,UK,59,0.17,10.2,59,48
Lost,P,Sec,Ame,68,1.1,10.2,59,54
Won,G,Sec,UK,32,0.781,6.3,43,74
Lost,G,Ban,Ame,43,1.955,8.8,41,56
Won,P,Cap,UK,71,0.541,9,33,90
Won,F,Cap,Oth,57,0.712,7.5,53,90
Lost,G,Def,Jap,63,1.162,11.5,40,51
Lost,G,Fin,UK,55,1.07,8,66,54
Lost,G,Fin,UK,55,1.575,8.8,45,65
Won,F,Con,UK,54,0.391,9.3,40,54
Won,G,Oth,Ame,38,1.063,8.6,37,40
Lost,G,Ban,Afr,52,2.112,9.7,41,53
Lost,G,Cap,Oth,41,0.996,3.2,63,57
Won,L,Ban,Afr,45,0.836,9.7,30,74
Lost,G,Fin,UK,55,1.744,8.3,34,49
Lost,P,OG,Jap,33,1.738,6.9,51,66
Lost,G,Def,Ame,50,1.787,6.9,57,90
Won,G,Ban,Ame,43,0.804,8.6,45,56
Lost,P,Cap,Ame,28,1.284,8.3,63,57
Won,C,Ban,UK,59,0.792,6.5,32,62
Lost,Lo,Gov,UK,36,1.058,7.9,54,40
Won,G,Ban,Afr,52,0.493,8.7,57,59
Lost,G,Air,UK,56,1.183,9.5,65,68
Lost,G,Ban,UK,61,1.693,6,53,52
Lost,G,Oth,Ame,38,1.46,7.6,56,61
Won,F,Con,UK,54,0.454,9.4,47,59
Won,L,Def,UK,51,0.983,7.4,28,65
Lost,G,Ban,Afr,52,0.989,8.3,55,71
Won,P,Sec,Ind,44,0.451,14.2,51,56
Lost,G,Cap,UK,48,1.298,8.4,49,47
Lost,G,Def,Jap,63,1.192,8.8,47,62
Lost,G,Oth,UK,49,1.125,7.8,52,60
Won,P,Con,UK,53,0.986,5.7,39,63
Won,G,Cap,UK,48,0.845,6.1,53,62
Won,G,Ban,Ame,43,0.934,7.8,44,59
Won,Li,Con,UK,46,0.869,8.9,49,54
Lost,F,Cap,Oth,57,0.796,6.9,57,57
Lost,G,Def,Jap,63,1.283,7.3,43,74
Won,G,Air,UK,56,1.188,6.5,33,51
Won,P,Sec,Ind,44,0.805,8,40,62
Lost,G,Hea,UK,67,1.907,6.5,42,60
Won,G,Ban,Afr,52,0.745,8.3,50,61
Lost,G,Ins,UK,58,0.652,6.7,55,52
Lost,G,Ban,Ame,43,1.172,6.5,67,78
Won,Li,Cap,UK,27,1.01,11.4,57,78
Won,G,Oth,Ame,38,1.308,10.5,38,55
Lost,G,Ban,Afr,52,1.302,9.7,54,55
Lost,G,Ban,Afr,52,1.206,5.3,49,55
Lost,G,Def,Jap,63,1.672,5.3,53,56
Won,G,Air,UK,56,0.595,10.3,34,54
Won,G,Fin,UK,55,-0.088,7.9,40,75
Won,G,Oth,Ame,38,0.624,4.2,55,75
Lost,G,Ban,UK,61,1.329,10.3,63,45
Won,G,Ins,UK,58,0.446,10.8,51,68
Lost,G,Ins,UK,58,1.433,8.1,44,48
Lost,Li,Con,UK,46,1.108,7.6,68,67
Lost,L,Ban,Afr,45,1.616,6.1,52,65
Won,G,Ban,Ame,43,0.681,5.9,44,60
Lost,P,OG,Jap,33,1.734,7.5,42,66
Won,Li,Cap,Oth,47,1.427,8.9,45,100
Won,L,Def,UK,51,1.131,7.5,40,58
Lost,G,Sec,Sin,73,0.778,9.6,45,52
Lost,F,Cap,UK,60,0.881,6.6,58,52
Lost,F,Con,UK,54,1.561,6.5,46,48
Lost,L,Ban,Afr,45,0.774,8.2,64,59
Lost,P,Sec,Ind,44,1.41,6.8,45,66
Lost,G,Air,UK,56,1.144,9.2,55,61
Lost,G,Def,Ame,50,1.283,4.3,44,57
Won,G,Cap,UK,48,0.347,6.8,42,70
Lost,P,OG,Jap,33,0.948,8.9,86,64
Won,C,Ban,UK,59,0.798,6.5,42,48
Won,G,Ins,UK,58,0.464,8.3,45,40
Lost,P,Sec,Ind,44,1.247,4.7,48,56
Won,L,Ban,Afr,45,0.896,7.9,43,60
Lost,Li,Cap,Oth,47,1.474,9.2,44,57
Lost,G,Oth,UK,49,1.01,7.6,52,58
Lost,P,Con,UK,53,1.188,7.8,48,47
Won,G,Oth,Afr,39,0.406,7.6,49,100
Won,G,Def,Ame,50,0.421,6,60,68
Won,P,Sec,Ind,44,0.77,6.5,42,53
Won,Li,Cap,Oth,47,0.752,8.2,42,52
Lost,Li,Oth,Oth,64,1.077,7.6,51,59
Won,G,Oth,Oth,69,0.663,9.7,39,68
Lost,L,Def,UK,51,1.529,9.3,53,63
Lost,G,Oth,UK,49,1.214,9.5,60,46
Lost,G,Tel,Spa,66,1.088,10.3,59,56
Lost,F,Ins,UK,31,1.329,8.1,58,62
Lost,G,Oth,UK,49,1.239,9.1,43,53
Lost,F,Cap,Oth,57,1.071,4.3,49,56
Won,F,Cap,Oth,57,0.339,6.3,41,64
Lost,G,Ban,Sin,65,1.28,6.2,49,71
Lost,F,Cap,Oth,57,1.111,7.2,45,48
Won,G,Fin,UK,55,0.676,10.8,56,68
Lost,Li,Con,UK,46,0.909,6.9,58,39
Lost,G,Cap,UK,48,1.549,8,51,65
Won,G,Cap,UK,48,1.138,8.2,48,62
Won,G,Ban,Ame,43,1.225,8.4,35,59
Lost,F,Cap,UK,60,0.785,9.5,45,58
Won,P,Cli,UK,70,0.464,7.8,47,53
Won,L,Def,UK,51,0.237,7.3,54,77
Won,G,Def,Jap,63,0.007,11.7,49,70
Won,G,Cap,UK,48,0.809,8.7,52,58
Lost,F,Con,UK,54,1.478,5.1,45,53
Won,L,Ene,UK,42,0.832,8.5,48,58
Won,Li,Cap,Oth,47,0.71,3.8,42,67
Lost,G,Def,Ame,50,0.868,8.2,59,56
Won,G,Cap,Oth,41,1.169,8,40,52
Won,L,Cap,UK,40,-0.211,7.4,40,56
Lost,G,Def,Jap,63,0.609,7.1,57,54
Won,L,Def,UK,51,0.888,8.3,32,63
Lost,G,Fin,UK,55,0.951,8.3,49,60
Won,F,Cap,Oth,57,1.086,9,40,65
Lost,C,Ban,UK,59,1.225,8,51,70
Lost,Li,Oth,Oth,64,1.245,10.9,67,65
Won,G,Ban,Afr,52,1.046,6.9,47,66
Lost,G,Cap,UK,48,0.543,6.6,63,41
Won,F,Cap,Oth,57,1.028,5.9,42,68
Lost,G,Fin,UK,55,1.174,8.6,49,59
Won,G,Oth,UK,49,1.066,11.2,44,68
Won,G,Ban,Afr,52,0.537,12.3,57,51
Lost,F,Ins,UK,31,1.364,8.7,55,45
Won,L,Cap,UK,40,0.829,8.3,47,50
Won,F,Con,UK,54,0.397,8,43,39
Won,G,Air,UK,56,0.042,5.5,49,69
Won,G,Oth,Ame,38,1.116,9.1,42,49
Lost,F,Cap,Oth,57,1.43,6.1,69,74
Lost,G,Ins,UK,58,0.326,5,70,67
Lost,Li,Con,UK,46,1.517,8.6,59,58
Won,P,Con,UK,53,1.195,6.1,41,70
Lost,P,Sec,Ind,44,0.474,4.8,71,52
Won,L,Ban,Afr,45,1.18,7.5,44,48
Won,L,Ene,UK,42,-0.018,9.5,52,70
Won,L,Ban,Afr,45,0.699,8.7,37,52
Lost,G,Ban,Afr,52,1.294,8.5,48,76
Lost,G,Ban,Ame,43,1.225,10.1,56,55
Lost,G,Oth,Ame,38,1.071,8.5,78,42
Lost,G,Ban,Afr,52,2.112,12,31,48
Won,P,Inf,UK,37,-0.453,9.1,50,65
Lost,G,Cap,Oth,41,1.687,8.3,46,71
Lost,Li,Cap,Oth,47,1.581,11.3,47,70
Won,Li,Cap,Oth,47,0.23,8.7,28,57
Won,G,Ban,Ame,43,1.178,8.8,54,75
Won,G,Ban,Afr,52,0.842,7.5,51,65
Lost,P,Con,UK,53,1.025,7.6,57,68
Won,Li,Oth,Oth,64,0.201,9,57,45
Lost,L,Ban,Afr,45,1.021,9,63,40
Lost,L,Ban,Afr,45,1.835,6.3,55,54
Won,L,Cap,UK,40,0.668,9.8,49,53
Lost,P,Con,UK,53,0.991,8.6,74,64
Lost,G,Def,Jap,63,1.794,6,42,61
Lost,G,Tel,Spa,66,1.458,6.5,56,63
Won,L,Def,UK,51,0.829,12.3,54,64
Lost,G,Oth,Afr,39,0.793,5.1,64,51
Lost,G,Oth,Oth,69,0.935,9.2,46,68
Lost,G,Def,Jap,63,0.896,6.9,66,77
Lost,Lo,Mob,UK,35,1.275,8.7,48,51
Won,F,Con,UK,54,0.72,4,49,57
Lost,F,Cap,UK,60,2.484,8.4,50,50
Lost,F,Inf,UK,62,0.595,12.8,64,62
Won,Lo,Mob,UK,35,-0.001,4.7,49,69
Lost,G,Oth,UK,49,1.208,6.2,57,63
Won,G,Air,UK,56,0.263,8,39,59
Lost,Li,Con,UK,46,0.941,11.9,62,64
Lost,G,Ban,UK,61,1.241,8.2,70,53
Lost,G,Fin,UK,55,1.368,9,50,54
Lost,G,Cap,Oth,41,1.259,9.5,65,45
Lost,Li,Oth,Oth,64,0.985,7.4,45,57
Won,P,Inf,UK,37,0.865,9.1,55,63
Won,G,Oth,Afr,39,0.78,4.4,51,65
Lost,F,Inf,UK,62,0.516,8.1,71,63
Lost,G,Fin,UK,55,1.418,8.4,50,42
Won,P,Ene,UK,34,1.557,6.5,38,73
Lost,P,Sec,Ind,44,1.456,6.7,46,60
Won,G,Ban,Ame,43,0.752,6.5,48,64
Lost,P,Sec,Ame,68,0.418,8.1,55,54
Won,Li,Oth,Oth,64,0.665,7.2,52,62
Lost,L,Def,UK,51,0.578,6.7,64,37
Lost,G,Ban,Sin,65,0.868,6.5,74,62
Won,P,OG,Jap,33,1.568,6.3,41,72
Lost,L,Def,UK,51,1.575,8.8,53,56
Lost,G,Oth,UK,49,1.124,10.4,55,60
Won,L,Ban,Afr,45,0.577,4.2,62,64
Won,G,Def,Ame,50,0.848,6.1,46,43
Lost,P,Sec,Ind,44,1.263,6.6,47,50
Won,Lo,Gov,UK,36,1.047,11.6,49,66
Won,F,Cap,UK,60,-0.293,7.7,51,64
Won,F,Ins,UK,31,1.412,5.5,47,57
Won,L,Ban,Afr,45,0.929,9,36,54
Won,P,Con,UK,53,0.954,7.5,46,54
Lost,G,Oth,UK,49,1.25,6.4,63,76
Lost,G,Def,Ame,50,0.868,7.2,59,59
Won,G,Ban,Ame,43,-0.014,5.7,63,85
Won,P,Sec,Ame,68,0.572,11.2,51,60
Won,G,Ban,UK,61,0.5,8.9,51,54
Won,G,Def,Oth,30,1.265,7.5,41,58
Won,Li,Cap,Oth,47,0.638,6.1,53,55
Lost,F,Cap,Oth,57,1.245,12,50,49
Won,G,Ban,UK,61,0.884,3.7,30,53
Won,P,OG,Jap,33,1.153,4.1,52,60
Lost,L,Ban,Afr,45,1.417,7.1,49,43
Lost,Li,Cap,Oth,47,0.895,7.8,59,46
Lost,F,Cap,Oth,57,1.603,7.4,50,48
Lost,G,Ins,UK,58,2.112,6.9,58,62
Lost,Li,Con,UK,46,1.08,7.1,51,52
Won,F,Cap,UK,60,0.166,7.8,57,54
Lost,G,Air,UK,56,1.349,9.7,43,62
Won,P,OG,Jap,33,1.484,4.1,50,79
Lost,G,Fin,UK,55,0.728,9,67,53
Lost,G,Def,Ame,50,1.375,9.8,66,55
Lost,F,Cap,UK,60,0.918,5.3,56,65
Won,P,Sec,Ind,44,0.829,6.3,47,44
Lost,P,Con,UK,53,0.888,6.6,49,38
Won,G,Ban,Ame,43,0.71,8.6,61,60
Won,Li,Oth,Oth,64,0.595,5.5,43,67
Won,L,Ene,UK,42,0.724,10.3,45,65
Won,L,Cap,UK,40,1.225,6.9,47,60
Lost,G,Def,Ame,50,1.5,7.5,38,64
Lost,G,Air,UK,56,1.045,8.3,53,75
Won,P,Con,UK,53,0.538,9.3,46,68
Won,G,Cap,UK,48,1.288,6.5,48,79
Lost,G,Def,Ame,50,1.58,10.1,41,70
Lost,G,Ban,Afr,52,1.788,10.4,41,51
Won,G,Oth,Afr,39,0.577,4.6,58,62
Won,L,Ban,Afr,45,0.081,10.2,46,52
Lost,G,Oth,Afr,39,1.666,9.5,53,74
Won,F,Inf,UK,62,0.044,4.9,30,49
Won,G,Air,UK,56,-0.045,10.5,51,73
Won,G,Ban,UK,61,0.426,8.8,41,55
Won,G,Def,Jap,63,0.792,7.7,44,59
Lost,F,Inf,UK,62,1.601,6,52,69
Won,P,Inf,UK,37,1.41,10.1,50,71
Lost,P,Mob,Can,29,1.445,10.2,76,74
Lost,F,Con,UK,54,1.679,9.3,59,66
Lost,F,Inf,UK,62,1.57,6.5,47,65
Won,G,Ban,Afr,52,0.226,7.5,49,50
Lost,G,Cap,UK,48,1.42,6.5,43,61
Won,L,Def,UK,51,0.696,8.5,50,54
Won,G,Fin,UK,55,0.679,10.7,57,58
Lost,C,Ban,UK,59,1.501,6.6,54,60
Lost,G,Ban,Ame,43,1.595,11.1,50,57
Lost,G,Ins,UK,58,1.238,7.8,59,61
Won,G,Ban,Afr,52,-0.221,5.3,58,49
Lost,G,Ban,Sin,65,1.012,10,56,54
Won,Lo,Mob,UK,35,0.506,11.2,49,75
Won,F,Ins,UK,31,1.237,5.8,42,38
Won,Lo,Mob,UK,35,1.077,7,55,69
Won,Li,Cap,Oth,47,0.781,6.3,47,43
Lost,G,Air,UK,56,1.258,9.9,36,50
Lost,L,Cap,UK,40,1.579,5.5,46,56
Lost,F,Inf,UK,62,1.066,6.5,56,64
Lost,P,Con,UK,53,1.058,7.3,60,61
Won,G,Ban,Afr,52,0.4,6.6,48,57
Lost,P,Cli,UK,70,1.46,8.2,40,68
Lost,P,Cap,UK,71,1.579,10.2,41,70
Won,F,Cap,UK,60,0.128,9.2,40,48
Lost,F,Cap,UK,60,1.029,5.5,58,52
Won,L,Ban,Afr,45,0.356,4.1,40,62
Won,L,Cap,UK,40,0.427,6.9,59,61
Won,F,Con,UK,54,0.737,8,37,54
Lost,G,Ban,UK,61,0.771,6.5,70,44
Won,G,Sec,UK,32,0.452,9.4,41,72
Lost,P,Con,UK,53,1.135,8.3,56,53
Lost,G,OG,Jap,24,1.585,6.3,66,59
Won,L,Def,UK,51,0.422,9.6,49,54
Won,L,Ene,UK,42,0.453,6.6,40,56
Won,F,Con,UK,54,1.266,8.5,35,67
Won,P,Inf,UK,37,0.595,9.3,34,62
Won,F,Cap,Oth,57,0.949,9,46,68
Won,L,Ene,UK,42,0.297,8.3,40,62
Won,F,Inf,UK,62,-0.009,7.5,52,54
Won,L,Ene,UK,42,0.848,6.8,50,62
Won,G,Cap,UK,48,0.298,6.7,36,52
Won,Li,Cap,Oth,47,0.22,7.2,44,47
Won,G,Ban,Afr,52,0.645,9.2,51,49
Lost,G,Oth,UK,49,0.746,8.5,71,57
Won,C,Ban,UK,59,0.822,6.7,44,69
Won,F,Cap,UK,60,0.313,7.7,40,77
Won,G,Oth,Afr,39,1.388,8.3,34,67
Won,P,Con,UK,53,0.519,6.6,47,42
Lost,F,Cap,Oth,57,1.069,13.1,44,68
Won,G,Cap,UK,48,0.556,7,45,68
Won,G,Oth,Ame,38,1.109,8.8,47,60
Won,L,Ene,UK,42,0.548,10.8,48,48
Won,G,Ins,UK,58,0.528,8.9,57,68
Lost,L,Cap,UK,40,1.145,10,63,73
Won,G,Hea,UK,67,0.292,7.9,50,38
Lost,F,Cap,UK,60,1.431,7.7,35,66
Won,G,Ban,Afr,52,0.025,8.1,50,59
Lost,G,Oth,UK,49,1.746,11.1,69,68
Won,Lo,Mob,UK,35,1.098,10.9,55,70
Won,G,Def,Ame,50,0.623,6.9,57,65
Lost,G,Ban,Ame,43,1.412,9,64,46
Won,Li,Con,UK,46,-0.1,4.4,55,68
Lost,G,Ins,UK,58,0.507,4.4,64,66
Lost,F,Inf,UK,62,0.937,5.9,45,44
Won,P,Ene,UK,34,0.949,8.4,51,63
Lost,G,Cap,Oth,41,1.539,10.1,65,61
Won,G,Fin,UK,55,0.685,9.2,46,66
Won,G,Oth,Ame,38,0.768,7.3,52,45
Won,G,Oth,Afr,39,0.554,5.3,47,62
Won,G,Cap,UK,48,0.399,5.7,49,45
Won,Lo,Gov,UK,36,1.361,8.8,51,85
Lost,P,Con,UK,53,0.766,9.1,68,60
Lost,P,Sec,Ind,44,2.112,4.1,64,46
Lost,C,Ban,UK,59,1.206,5.6,46,59
Lost,P,Sec,Ind,44,1.367,10.4,56,85
Lost,G,Ban,Afr,52,1.122,11.3,55,57
Won,G,Ban,UK,61,0.179,6,62,65
Won,P,Sec,Ind,44,0.25,12.1,50,63
Lost,F,Inf,UK,62,1.179,8.8,37,56
Won,L,Ban,Afr,45,0.046,5.9,68,59
Lost,G,Def,Jap,63,0.95,7.6,50,49
Lost,G,OG,Oth,72,0.719,6.8,52,55
Lost,G,Def,Jap,63,1.467,6.3,43,58
Won,G,Air,UK,56,0.12,6.7,51,61
Lost,G,Cap,UK,48,0.781,7.2,59,51
Won,P,Sec,Ind,44,0.608,3.2,50,74
Lost,G,Oth,Oth,69,0.459,2.2,50,40
Won,Li,Con,UK,46,0.964,10.8,55,63
Won,F,Cap,Oth,57,0.462,3.6,60,59
Won,G,Cap,Oth,41,1.101,8.7,57,78
Lost,G,Fin,UK,55,1.15,9.3,59,49
Won,L,Ene,UK,42,0.688,8.6,47,63
Lost,G,Def,Ame,50,2.306,2.8,44,51
Lost,Li,Cap,Oth,47,2.112,4.1,63,74
Won,Li,Cap,UK,27,1.394,8.5,38,72
Won,G,Ban,Afr,52,0.514,9.9,44,59
Lost,G,Ban,UK,61,1.462,9.2,61,60
Won,G,Def,Afr,25,1.215,4.9,64,66
Lost,G,Cap,Oth,41,1.531,7.4,74,57
Lost,L,Ban,Afr,45,1.219,7,54,47
Won,G,Cap,Oth,41,0.703,4.7,52,59
Won,G,Sec,UK,32,0.999,4.2,50,65
Lost,P,Inf,UK,37,0.328,5.5,79,45
Lost,G,Oth,Ame,38,2.603,6.9,61,67
Lost,C,Ban,UK,59,1.288,9.5,55,49
Lost,G,Ins,UK,58,1.253,5.7,35,63
Lost,G,Cap,UK,48,1.139,7.6,66,51
Won,F,Con,UK,54,0.269,6.6,53,66
Lost,G,Sec,Sin,73,1.01,7.9,44,73
Lost,G,Oth,UK,49,2.112,8.8,59,49
Won,G,Ban,Afr,52,0.595,4,44,64
Won,G,Def,Ame,50,0.88,7.7,47,62
Won,G,Cap,UK,48,0.966,7.6,49,61
Won,G,Oth,UK,49,0.445,6.4,59,46
Won,L,Ene,UK,42,0.761,10.1,62,59
Lost,G,Oth,UK,49,1.01,11.6,47,48
Lost,G,Ins,UK,58,0.523,4.4,66,66
Lost,F,Con,UK,54,1.118,5.6,53,73
Won,G,Ban,Sin,65,0.141,8.2,30,45
Won,P,Sec,Ind,44,1.425,9.1,32,37
Lost,G,Ban,Afr,52,1.296,6.9,72,50
Lost,G,Ban,Ame,43,1.116,9.9,51,47
Lost,G,Cli,UK,23,1.955,7.4,53,59
Won,G,Hea,UK,67,0.658,9.6,25,53
Won,G,Fin,UK,55,0.634,6.1,58,77
Lost,G,Air,UK,56,0.998,5.9,47,71
Lost,G,Cap,Oth,41,1.622,6.9,44,59
Lost,G,Ins,UK,58,0.207,10.7,75,56
Won,G,Fin,UK,55,0.747,10.9,47,63
Lost,G,Air,UK,56,1.597,4.3,55,56
Won,G,Cap,Oth,41,0.595,7.9,45,62
Won,C,Ban,UK,59,0.781,5.3,33,57
Lost,G,Ban,Ame,43,1.216,5.2,55,68
Won,G,Ban,UK,61,-0.561,6.7,42,52
Won,G,Fin,UK,55,0.641,5.9,54,64
Won,G,Air,UK,56,0.558,7,46,68
Won,G,Ban,Afr,52,1.01,9,44,74
Lost,P,Sec,Ind,44,2.112,11,56,55
Won,L,Cap,UK,40,0.528,5.8,43,55
Won,G,Ban,Afr,52,0.595,5.5,56,69
Lost,Li,Con,UK,46,1.353,10.2,49,73
Lost,C,Ban,UK,59,2.306,6.9,49,45
Won,P,Con,UK,53,0.654,8,42,45
Won,G,Def,Ame,50,1.03,8.2,40,71
Won,C,Ban,UK,59,0.517,10.5,53,53
Lost,Lo,Mob,UK,35,1.16,6.3,61,60
Won,P,Inf,UK,37,0.543,11.1,55,49
Lost,G,Tel,Spa,66,0.632,7.6,60,52
Lost,G,Hea,UK,67,1.561,9.2,61,72
Won,G,Def,Ame,50,1.175,11,37,49
Won,G,Sec,UK,32,1.334,9.8,50,56
Lost,G,Def,Jap,63,1.153,7.3,44,75
Lost,G,Ban,Afr,52,1.251,8.2,48,55
Lost,F,Con,UK,54,1.06,8.6,53,36
Lost,G,Def,Jap,63,0.887,6.1,60,59
Lost,L,Def,UK,51,1.012,7.3,78,65
Lost,Li,Oth,Oth,64,1.182,4.1,51,68
Lost,F,Cap,UK,60,1.52,6.6,68,56
Won,P,Ene,UK,34,0.337,6.7,54,70
Won,G,Oth,UK,49,0.499,10.8,49,60
Lost,L,Def,UK,51,1.868,8.2,53,60
Lost,L,Def,UK,51,1.357,8.8,42,42
Won,Li,Cap,Oth,47,0.595,7.4,51,55
Lost,G,Def,Jap,63,1.058,6.4,60,50
Won,P,Sec,Ind,44,0.61,5.6,39,67
Lost,G,Tel,Spa,66,1.119,6.7,37,52
Lost,P,Sec,Ind,44,1.168,8.7,48,56
Lost,C,Ban,UK,59,1.902,5.4,52,69
Won,G,Ban,Afr,52,0.277,14.2,35,53
Won,Li,Con,UK,46,0.964,7.3,47,65
Lost,G,Ban,Sin,65,1.01,7.8,50,57
Lost,G,Oth,Afr,39,0.802,7.8,68,70
Lost,P,Sec,Ind,44,0.637,8.2,66,49
Lost,L,Ban,Afr,45,1.092,7.6,67,74
Lost,G,Def,Jap,63,1.397,5,50,66
Won,G,Def,Jap,63,0.395,7.4,50,68
Lost,G,Fin,UK,55,1.084,10.6,62,100
Won,F,Con,UK,54,0.759,9.5,47,53
Lost,G,Ban,UK,61,1.125,5.5,54,65
Won,G,Cap,Oth,41,0.794,10.6,36,54
Won,G,Ban,Afr,52,0.862,8.9,45,70
Lost,G,Ban,Afr,52,1.382,9.4,38,50
Lost,P,Con,UK,53,1.15,9.8,61,50
Lost,G,Ban,UK,61,1.645,8.7,62,60
Won,Li,Cap,Oth,47,0.907,9.4,49,60
Lost,L,Def,UK,51,1.374,11.2,59,63
Won,P,Sec,Ind,44,0.258,4.9,51,57
Lost,P,Con,UK,53,1.758,8.1,42,61
Lost,F,Cap,Oth,57,0.94,8.5,66,63
Lost,G,Fin,UK,55,1.427,7.1,60,60
Won,F,Cap,Oth,57,0.419,7.7,39,58
Lost,G,Ban,Afr,52,1.332,9.9,60,73
Won,Li,Con,UK,46,0.463,9.4,28,49
Won,Li,Cap,Oth,47,0.528,11,41,46
Lost,P,Con,UK,53,0.809,8.7,76,55
Lost,L,Ene,UK,42,1.379,7.3,52,44
Won,G,Fin,UK,55,0.757,8.3,46,53
Lost,F,Con,UK,54,0.9,8,57,63
Won,L,Ban,Afr,45,0.491,6.7,41,57
Lost,Li,Con,UK,46,1.269,9,72,56
Lost,P,Sec,Ind,44,0.943,9.8,65,49
Lost,L,Def,UK,51,1.329,10.9,38,49
Won,G,Oth,UK,49,1.389,10.3,39,65
Won,G,Cap,Oth,41,0.892,10.1,55,74
Lost,Li,Oth,Oth,64,0.791,10.4,54,47
Lost,G,Fin,UK,55,1.267,3.1,47,52
Lost,G,Cap,UK,48,1.464,6.5,44,59
Lost,P,Con,UK,53,1.9,10,56,70
Lost,G,Ban,Afr,52,1.28,7.6,44,41
Won,Li,Cap,Oth,47,0.577,7.4,43,52
Won,G,Air,UK,56,1.146,7.5,41,65
Lost,P,Con,UK,53,1.565,8.4,58,56
Lost,Li,Cap,Oth,47,0.813,4,59,50
Lost,P,Sec,Ind,44,1.051,5.9,53,54
Won,P,Sec,Ind,44,0.663,8.8,68,64
Won,G,Oth,Ame,38,0.904,7.5,40,52
Won,P,Ene,UK,34,0.781,4.7,37,66
Lost,P,Sec,Ind,44,1.112,9,54,59
Won,P,Sec,UK,76,0.328,10.1,46,56
Won,G,Ban,Ame,43,0.772,10.2,50,40
Lost,G,Fin,UK,55,0.892,10.7,63,56
Lost,F,Inf,UK,62,0.502,7.1,67,46
Won,Li,Cap,Oth,47,0.623,9.3,57,48
Won,C,Ban,UK,59,0.783,9.1,45,61
Lost,Li,Cap,Oth,47,0.982,7.8,62,72
Lost,G,Cap,UK,48,1.431,7.7,51,59
Lost,L,Ban,Afr,45,1.603,8.5,51,61
Lost,G,Def,Ame,50,1.661,5.3,58,44
Won,F,Cap,Oth,57,0.629,5.3,40,75
Lost,G,Def,Ame,50,0.73,3.7,62,62
Won,L,Ene,UK,42,1.095,9.3,56,66
Won,G,Def,Jap,63,0.037,6.4,66,51
Won,P,Mob,Can,29,0.294,7.4,52,75
Lost,L,Ban,Afr,45,1.713,8,45,52
Lost,F,Cap,Oth,57,1.093,9.1,54,69
Won,F,Con,UK,54,0.815,10.4,46,60
Won,Lo,Gov,UK,36,0.937,9.3,46,70
Lost,G,Oth,Oth,69,1.697,7.3,53,54
Lost,G,Ban,Afr,52,1.643,11.1,54,53
Won,P,Sec,Ind,44,0.949,8.7,33,65
Lost,G,Ins,UK,58,1.747,8.5,43,51
Won,F,Cap,UK,60,0.814,5,37,67
Won,L,Cap,UK,40,1.109,3.6,47,55
Lost,G,Ban,Ame,43,1.248,5.2,54,56
Lost,G,Ban,UK,61,1.292,4.6,64,75
Lost,G,Ban,Ame,43,1.691,9.9,65,58
Lost,F,Cap,Oth,57,1.408,10.7,53,70
Lost,G,Ban,Afr,52,0.827,2.2,56,57
Lost,G,Oth,UK,49,0.885,9.3,62,60
Won,Li,Cap,Oth,47,1.198,6,36,58
Lost,P,Sec,Ind,44,1.904,8.5,51,59
Won,Li,Cap,Oth,47,0.473,9.2,49,52
Lost,P,Mob,Can,29,1.524,6,55,67
Lost,G,Oth,UK,49,0.587,6.2,74,63
Won,L,Ene,UK,42,0.34,9.8,65,65
Won,P,Sec,Ind,44,0.055,7.4,39,100
Won,G,Ban,Ame,43,0.971,6.4,52,70
Won,G,Def,Jap,63,0.764,5,38,63
Won,P,Inf,UK,37,1.01,5.4,51,65
Lost,P,Sec,Ind,44,1.603,8.2,50,58
Lost,G,Fin,UK,55,1.17,6.5,68,59
Won,Lo,Gov,UK,36,0.233,5.5,52,52
Won,Li,Cap,Oth,47,0.628,9.9,65,68
Lost,P,Sec,Ame,68,1.14,6.5,61,77
Lost,G,Def,Ame,50,1.616,11.8,62,66
Lost,L,Def,UK,51,0.966,5.2,56,53
Lost,Li,Oth,Oth,64,1.822,8.9,45,51
Lost,L,Ene,UK,42,2.479,7.9,43,48
Lost,G,Cap,UK,48,1.243,7.6,51,43
Won,L,Def,UK,51,0.713,5.8,48,62
Lost,F,Cap,Oth,57,1.069,10.7,41,53
Lost,G,Tel,Spa,66,0.998,7.2,72,68
Won,Li,Con,UK,46,0.295,7.1,44,67
Won,F,Con,UK,54,-0.002,9.7,27,71
Lost,P,Con,UK,53,1.504,10,61,47
Lost,Li,Con,UK,46,0.913,10.1,63,62
Lost,F,Con,UK,54,1.569,7.8,53,57
Won,Li,Con,UK,46,0.92,7.8,48,60
Lost,F,Inf,UK,62,1.335,7.4,47,71
Lost,P,Inf,UK,37,1.545,8,55,67
Won,G,Cap,Oth,41,-0.346,6.3,47,61
Lost,C,Ban,UK,59,1.588,9.2,57,73
Lost,P,Sec,Ind,44,1.3,6.5,49,66
Lost,G,Ins,UK,58,1.839,12.9,48,77
Lost,P,Con,UK,53,0.524,8,55,38
Lost,Li,Cap,Oth,47,1.539,10.6,38,58
Won,G,Oth,UK,49,0.41,7.7,67,58
Won,P,Sec,Ind,44,1.201,8.6,42,53
Lost,G,Ins,UK,58,1.552,10.1,45,54
Lost,P,Sec,Ind,44,1.553,12,62,66
Won,G,Cap,Oth,41,1.722,9.8,32,100
Won,Li,Cap,Oth,47,0.781,7.7,47,68
Lost,L,Def,UK,51,1.568,7.3,42,67
Lost,Li,Cap,Oth,47,2.112,8.3,66,65
Won,Li,Cap,UK,27,1.587,7.2,41,67
Lost,C,Ban,UK,59,1.271,7.3,46,60
Lost,C,Ban,UK,59,0.938,9.8,51,70
Won,P,Cap,UK,71,0.204,12.2,51,53
Lost,G,Oth,UK,49,0.92,9.4,58,48
Won,L,Def,UK,51,1.161,7.3,37,72
Won,G,Def,Ame,50,0.627,12.2,55,55
Won,P,Sec,Ind,44,-0.089,7.1,43,60
Won,G,Cap,Oth,41,-0.285,8.8,41,57
Won,G,Def,Ame,50,0.649,10.7,54,58
Won,P,Con,UK,53,1.209,9.4,49,90
Lost,C,Ban,UK,59,0.632,9.9,58,67
Won,P,Sec,Ind,44,0.429,3.5,58,62
Lost,P,Inf,UK,37,1.29,8.4,67,39
Won,G,Air,UK,56,0.293,9.8,52,47
Won,G,Oth,Afr,39,-0.006,8.4,41,53
Lost,G,Cap,UK,48,0.851,10.7,68,66
Won,Li,Cap,Oth,47,1.111,4.9,44,55
Lost,G,Ban,UK,61,1.358,5.8,53,64
Lost,C,Ban,UK,59,1.554,11.3,48,67
Won,G,Cap,UK,48,0.434,7.5,35,60
Won,L,Ban,Afr,45,0.099,7.2,60,52
Won,G,Oth,UK,49,0.266,5.3,39,66
Won,L,Ene,UK,42,1.01,6.3,51,62
Lost,G,Fin,UK,55,1.05,9.3,53,36
Lost,G,Fin,UK,55,1.243,9.7,40,46
Lost,G,OG,Oth,72,0.723,7.4,39,53
Lost,G,Tel,Spa,66,0.816,9.6,45,61
Won,G,Sec,UK,32,1.126,8.4,55,65
Lost,L,Cap,UK,40,1.114,9.2,53,43
Won,P,Inf,UK,37,1.017,10.9,49,54
Won,G,Hea,UK,67,0.096,10.2,42,53
Lost,G,Air,UK,56,1.112,9.2,57,90
Lost,G,Cap,UK,48,1.715,13,57,73
Lost,G,Tel,Spa,66,1.805,7.2,26,54
Won,G,Oth,UK,49,0.805,6.8,56,61
Won,P,Cap,UK,71,0.659,4.7,42,62
Won,F,Ins,UK,31,0.003,9.6,34,69
Won,L,Ene,UK,42,0.699,8.3,45,71
Lost,G,Ban,Ame,43,0.86,6.3,64,59
Won,P,Sec,Ind,44,0.363,7.1,37,90
Won,L,Cap,UK,40,0.305,9.4,46,43
Won,G,Cap,UK,48,0.348,10.5,56,54
Won,G,Ban,Afr,52,0.118,9.8,45,62
Won,G,Fin,UK,55,1.064,9.8,42,70
Won,L,Ene,UK,42,0.815,8.1,50,50
Lost,P,OG,Jap,33,1.575,7.2,57,46
Won,G,Oth,UK,49,1.039,5.4,48,72
Won,G,Cap,Oth,41,1.153,7.9,42,69
Won,G,Ban,Ame,43,0.853,6.8,33,58
Lost,F,Inf,UK,62,1.215,10,53,51
Lost,G,Tel,Spa,66,1.313,7.4,63,58
Lost,G,Cap,UK,48,1.477,6.5,56,64
Won,G,Cap,Oth,41,0.239,10.8,44,63
Lost,G,Def,Jap,63,1.031,5.7,45,65
Won,G,Def,Ame,50,0.604,8.1,43,64
Lost,G,Ban,Sin,65,1.67,4.9,46,45
Won,F,Inf,UK,62,0.315,7.4,47,73
Won,G,Ban,Afr,52,0.852,5.4,45,41
Lost,Li,Oth,Oth,64,1.413,9.4,48,79
Won,G,Oth,UK,49,0.949,8.1,50,59
Lost,Li,Oth,Oth,64,0.665,8.7,51,49
Won,F,Inf,UK,62,0.713,7.7,47,57
Won,G,Air,UK,56,-0.331,4.8,56,57
Won,P,Mob,Can,29,1.04,8.8,35,65
Lost,G,Ban,UK,61,1.517,2.8,41,53
Won,L,Ban,Afr,45,0.829,11,53,62
Won,F,Con,UK,54,0.97,7.9,34,47
Lost,Li,Oth,Oth,64,2.112,8.7,53,57
Won,G,Def,Oth,30,0.617,10.5,38,56
Won,G,Fin,UK,55,1.06,5.7,41,72
Lost,G,Cap,UK,48,0.844,10.3,51,35
Lost,F,Cap,Oth,57,1.38,8.3,62,62
Won,P,Sec,Ind,44,1.062,8.3,45,63
Lost,P,Sec,Ind,44,1.693,8.5,37,62
Lost,L,Def,UK,51,1.452,8.8,52,46
Lost,L,Ene,UK,42,1.109,7.7,57,57
Lost,G,Fin,UK,55,0.783,9.7,61,58
Won,L,Ene,UK,42,0.564,9.9,49,66
Won,G,Ins,UK,58,0.813,6.9,54,69
Won,G,Ban,Afr,52,0.758,7.9,46,43
Lost,G,Fin,UK,55,2.537,8.6,59,65
Lost,G,Ban,UK,61,1.297,12.4,53,56
Lost,G,Air,UK,56,0.905,7.8,62,62
Won,L,Cap,UK,40,1.437,4.4,48,74
Won,G,Def,Jap,63,0.607,8,48,63
Lost,L,Def,UK,51,1.256,12.5,62,60
Won,L,Ban,Afr,45,0.9,8.9,29,45
Won,G,Def,Ame,50,-0.195,8.6,39,64
Won,G,Def,Ame,50,0.485,9,60,49
Lost,G,Ban,UK,61,1.318,5.6,54,76
Won,L,Cap,UK,40,0.395,6.2,52,45
Lost,G,Ban,Ame,43,1.384,9.9,47,54
Lost,G,Hea,UK,67,1.111,9.9,46,64
Lost,P,Cli,UK,70,1.92,8.4,53,90
Lost,G,Ins,UK,58,1.119,8.6,48,50
Won,G,Cap,Oth,41,1.377,6.2,46,70
Lost,P,Con,UK,53,1.353,7.7,54,59
Won,Li,Con,UK,46,0.742,10.5,43,56
Won,G,Cap,Oth,41,0.807,4.4,42,43
Won,L,Ene,UK,42,0.735,11.3,41,63
Lost,P,Sec,Ind,44,1.504,8.1,55,68
Won,G,Ban,Ame,43,0.559,12.2,52,47
Lost,F,Inf,UK,62,0.951,7.7,45,63
Lost,Li,Oth,Oth,64,1.394,3.4,54,61
Won,G,Cap,Oth,41,0.929,5.2,23,65
Lost,G,Hea,UK,67,0.693,12,52,62
Lost,P,Inf,UK,37,1.842,11.8,61,62
Lost,L,Def,UK,51,2.306,5.8,53,44
Won,G,Ban,Ame,43,0.786,5.9,58,55
Lost,G,Ban,Ame,43,1.611,9.3,35,57
Lost,P,Sec,Ind,44,1.526,5.2,37,54
Lost,G,Ban,Afr,52,1.955,6.7,62,52
Won,Li,Oth,Oth,64,0.424,5.8,53,67
Lost,G,Ban,Afr,52,0.809,7.9,57,58
Won,G,Cap,UK,48,1.189,6.7,50,100
Lost,Li,Cap,Oth,47,1.813,12,40,63
Won,Lo,Mob,UK,35,0.583,9.8,61,57
Lost,G,Ban,Afr,52,1.546,7,59,54
Lost,G,Oth,UK,49,1.118,8,60,54
Lost,F,Con,UK,54,1.266,7.6,53,59
Lost,P,Inf,UK,37,1.361,8.4,58,55
Lost,F,Cap,UK,60,1.628,9.9,74,59
Lost,Li,Con,UK,46,1.202,10.8,51,62
Won,L,Def,UK,51,1.205,5.7,26,64
Won,P,Con,UK,53,1.292,8.4,39,100
Lost,G,Air,UK,56,1.256,10.5,43,54
Won,G,Air,UK,56,0.86,8,50,63
Lost,G,Air,UK,56,0.881,8.3,53,48
Lost,F,Cap,UK,60,2.112,9.6,64,49
Lost,F,Cap,Oth,57,0.925,5,47,54
Won,G,Oth,Afr,39,-0.179,10.3,52,40
Won,F,Con,UK,54,0.341,4.9,42,58
Won,G,Oth,UK,49,0.449,5.4,53,67
Lost,P,Con,UK,53,1.196,8.5,54,53
Lost,G,Air,UK,56,1.14,8.8,53,59
Lost,G,Ins,UK,58,1.195,7.4,41,64
Lost,G,Fin,UK,55,1.366,6.8,55,62
Won,G,Ban,Afr,52,0.639,8.7,45,72
Won,G,Cap,Oth,41,0.566,9.8,40,64
Won,G,Oth,UK,49,0.685,5.3,59,51
Won,G,Sec,UK,32,0.7,11.3,45,67
Won,C,Ban,UK,59,0.576,8.8,48,65
Won,G,Hea,UK,67,0.312,11.1,39,56
Won,P,Sec,Ind,44,0.783,8.3,44,62
Lost,Li,Cap,Oth,47,1.862,11.7,52,90
Won,Li,Con,UK,46,0.656,5.7,63,53
Won,G,Ban,Afr,52,0.508,7.2,48,55
Won,L,Ban,Afr,45,0.824,7.2,42,65
Won,L,Ban,Afr,45,0.765,10.8,49,63
Lost,G,Oth,UK,49,1.649,5.8,76,50
Won,Lo,Mob,UK,35,1.089,10.3,38,55
Lost,G,Def,UK,83,0.688,8.7,50,52
Lost,L,Def,UK,51,1.589,7.8,72,60
Lost,F,Inf,UK,62,1.725,8.6,39,79
Lost,L,Ene,UK,42,1.955,7.2,62,63
Lost,Li,Oth,Oth,64,1.269,11.4,69,69
Won,Li,Cap,Oth,47,0.772,6.2,47,69
Won,L,Def,UK,51,1.265,8.7,40,72
Won,P,OG,Jap,33,0.923,9.2,41,45
Lost,G,Cap,UK,48,0.981,7.8,66,49
Lost,G,Air,UK,56,1.309,10.4,45,66
Lost,G,Cap,UK,48,1.254,8.8,57,58
Won,L,Def,UK,51,1.329,9.8,33,45
Lost,P,Sec,Ind,44,1.595,10.8,37,47
Lost,G,Fin,UK,55,1.602,6.8,49,57
Lost,G,Ins,UK,58,1.225,7.3,42,74
Lost,F,Con,UK,54,1.805,6.6,57,60
Lost,Li,Con,UK,46,2.112,12.9,45,55
Lost,G,Ban,Afr,52,1.945,7,52,64
Lost,G,Def,Ame,50,1.313,8.4,56,65
Lost,C,Ban,UK,59,1.211,8.8,46,55
Won,Li,Con,UK,46,0.871,7.6,57,61
Won,P,Cap,Ame,28,0.666,10.7,68,77
Lost,Li,Cap,Oth,47,0.705,8.4,77,72
Lost,F,Cap,Oth,57,0.703,6.5,51,44
Lost,F,Inf,UK,62,0.839,5.6,77,68
Lost,L,Ban,Afr,45,1.27,9,48,68
Won,G,Ban,Sin,65,-0.069,7.5,36,53
Won,G,Air,UK,56,1.258,8.1,21,48
Won,Lo,Mob,UK,35,0.886,7.4,55,69
Lost,G,Def,Ame,50,1.131,7.1,55,61
Lost,G,Def,Jap,63,1.073,7.5,43,59
Lost,G,Ins,UK,58,1.126,7.6,56,39
Lost,G,Oth,Ame,38,1.656,5.8,57,74
Won,G,Ban,UK,61,1.055,8.8,31,55
Lost,P,Cap,Ame,28,1.481,7.6,58,63
Won,L,Ene,UK,42,1.029,5.9,37,46
Lost,F,Con,UK,54,1.514,9.8,51,68
Lost,F,Cap,Oth,57,1.537,7.8,54,50
Won,P,OG,Jap,33,1.048,6.8,46,66
Won,G,Def,Ame,50,1.013,6.1,46,60
Won,G,Sec,Sin,73,0.466,2.4,30,53
Won,G,Cap,UK,48,0.627,8,50,56
Lost,Lo,Gov,UK,36,1.352,5.9,55,60
Won,Li,Con,UK,46,-0.561,4.3,53,65
Won,F,Con,UK,54,1.483,6.5,30,90
Won,G,Air,UK,56,0.542,8.2,55,72
Lost,P,OG,Jap,33,1.621,10.5,47,66
Won,G,Oth,Afr,39,0.485,10.3,42,56
Lost,F,Inf,UK,62,1.543,7.8,38,63
Lost,G,Air,UK,56,0.945,10.7,44,50
Lost,F,Cap,Oth,57,0.752,12.3,63,70
Lost,F,Inf,UK,62,0.934,8.9,50,55
Won,G,Air,UK,56,0.518,4.5,41,47
Won,G,Fin,UK,55,0.666,7.5,41,59
Lost,F,Con,UK,54,1.69,7.8,43,56
Won,G,Oth,Afr,39,0.776,7.9,66,100
Lost,L,Cap,UK,40,1.451,10.2,71,62
Lost,G,Ban,Afr,52,1.705,8.9,55,70
Lost,G,Ban,Afr,52,1.404,6.6,47,59
Lost,L,Def,UK,51,0.897,7.7,65,74
Won,G,Agr,Oth,26,0.035,3,55,44
Lost,F,Cap,Oth,57,1.722,7.6,57,52
Won,G,Ins,UK,58,0.736,11,43,60
Lost,G,Oth,UK,49,1.559,8.9,51,62
Won,G,Ban,Ame,43,0.246,8,53,51
Lost,F,Cap,Oth,57,1.617,6.4,50,65
Lost,G,Oth,Afr,39,1.79,6.6,51,55
Lost,G,Cap,Oth,41,1.029,10.8,62,63
Lost,P,Con,UK,53,1.55,7.6,48,53
Won,G,Sec,UK,32,0.752,9.7,60,56
Won,G,Air,UK,56,0.536,4.5,51,51
Won,G,Ban,Afr,52,-0.031,7.1,30,56
Won,P,Con,UK,53,0.865,10.8,31,61
Won,P,Sec,Ind,44,0.284,9.4,41,62
Lost,P,Inf,UK,37,1.225,8.9,56,51
Won,L,Ene,UK,42,0.431,7.4,42,56
Won,G,OG,Oth,72,0.701,7.9,36,54
Won,G,Oth,Ame,38,1.371,6.8,43,60
Won,P,Ene,UK,34,0.529,5.5,53,54
Won,P,OG,Jap,33,1.196,3,47,69
Lost,Li,Con,UK,46,1.202,10.6,68,90
Won,G,Ban,Ame,43,0.797,7.5,56,65
Won,Li,Cap,Oth,47,0.729,4.8,35,73
Won,Li,Con,UK,46,1.269,7.8,39,47
Won,P,Mob,Can,29,0.529,5.2,27,67
Lost,G,Ban,Afr,52,1.259,8.5,58,61
Won,L,Ene,UK,42,-0.231,6.9,54,64
Lost,L,Def,UK,51,2.112,8.5,61,69
Lost,L,Cap,UK,40,2.112,4.4,55,66
Lost,C,Ban,UK,59,1.306,7,38,57
Lost,P,Sec,Ame,68,1.626,5.2,45,48
Lost,G,Def,Jap,63,0.948,8.1,59,65
Lost,G,Ban,Afr,52,1.798,6,63,64
Lost,G,Def,Ame,50,1.293,9.7,64,63
Won,F,Cap,Oth,57,0.674,9.8,38,53
Won,G,Ban,Ame,43,0.019,8.2,34,67
Lost,G,Ban,UK,61,0.915,6.2,64,62
Won,G,Oth,Ame,38,1.225,7.8,42,73
Won,Li,Con,UK,46,0.376,9.5,44,64
Lost,F,Cap,UK,60,1.445,6.4,51,60
Won,Li,Cap,Oth,47,-0.007,6.6,59,44
Lost,F,Cap,UK,60,1.07,6.5,60,48
Won,P,Sec,Ind,44,0.308,6.8,43,61
Won,L,Ene,UK,42,1.246,7.8,40,55
Won,F,Con,UK,54,0.3,5.9,49,55
Won,P,Inf,UK,37,0.387,7.5,40,49
Lost,G,Air,UK,56,1.821,8.6,53,52
Lost,F,Cap,UK,60,1.179,8,41,57
Won,G,Cap,UK,48,0.451,12,54,59
Lost,G,Ban,Afr,52,1.631,7.3,46,52
Lost,G,Air,UK,56,0.908,10.1,61,58
Won,Lo,Mob,UK,35,1.737,11.8,43,78
Lost,L,Cap,UK,40,1.31,8.3,58,67
Won,P,Ene,UK,34,0.974,7.4,48,38
Lost,G,Ban,Ame,43,1.034,7.7,63,79
Lost,Li,Cap,Oth,47,1.22,6.7,52,61
Lost,Li,Cap,Oth,47,1.446,6,57,61
Lost,G,Ban,Afr,52,1.271,6.1,58,54
Lost,L,Cap,UK,40,1.692,7.4,50,66
Lost,P,Con,UK,53,1.117,7.9,48,62
Won,F,Inf,UK,62,0.612,7.1,40,43
Won,G,Tel,Spa,66,0.168,7.3,62,66
Lost,P,Ins,UK,75,1.225,11.4,43,54
Won,Li,Cap,Oth,47,0.283,8.5,42,54
Won,L,Def,UK,51,1.262,7.4,41,70
Won,Li,Con,UK,46,0.563,5.5,69,62
Lost,G,Ban,Sin,65,1.515,10.1,45,42
Lost,G,Cap,Oth,41,1.257,10.8,72,54
Lost,G,Air,UK,56,1.847,7.6,49,61
Won,P,Inf,UK,37,0.921,6.9,38,100
Lost,G,Ban,Sin,65,1.484,7.8,53,53
Lost,G,Oth,UK,49,0.67,12.3,71,65
Won,F,Con,UK,54,0.77,6,55,78
Won,G,Cap,Oth,41,0.54,8.2,51,73
Lost,C,Ban,UK,59,1.058,5,56,49
Lost,G,Oth,UK,49,1.867,8.7,52,69
Won,G,OG,Jap,24,0.825,10.8,56,59
Won,P,Sec,Ame,68,0.398,5.4,42,59
Lost,F,Cap,Oth,57,1.153,8,66,55
Won,P,Inf,UK,37,0.393,7.3,58,59
Lost,G,Oth,UK,49,0.796,7.4,60,66
Lost,G,Ban,Afr,52,0.972,12.5,78,40
Won,P,Cli,UK,70,0.315,6.1,45,58
Won,Li,Con,UK,46,0.252,8.7,30,43
Won,G,Def,Ame,50,0.87,8.7,52,69
Lost,Li,Cap,Oth,47,1.249,9.1,50,57
Lost,G,Air,UK,56,0.765,11,67,66
Won,P,Mob,Can,29,1.546,13.8,38,75
Lost,G,Cap,UK,48,1.566,7.9,54,75
Lost,G,Def,Ame,50,1.619,9.9,60,53
Lost,P,Sec,Ind,44,1.38,7.6,59,70
Lost,G,Tel,Spa,66,0.411,7.4,64,48
Won,Li,Con,UK,46,0.393,9.1,47,50
Lost,Li,Cap,Oth,47,1.612,6.6,54,66
Won,P,Con,UK,53,0.99,5.9,41,48
Lost,G,Air,UK,56,1.389,10.3,39,58
Won,P,Con,UK,53,1.038,9.2,42,76
Won,F,Con,UK,54,0.382,7.7,57,53
Lost,P,Con,UK,53,1.614,10.2,48,68
Won,G,Oth,UK,49,0.385,8.5,30,62
Lost,G,Ban,Afr,52,0.908,6.4,70,58
Lost,G,Ban,Afr,52,0.539,5.9,74,72
Lost,G,Def,Ame,50,1.578,6.5,72,53
Lost,G,Oth,Ame,38,1.377,4.8,62,62
Won,P,Inf,UK,37,1.045,7.3,59,63
Won,G,Air,UK,56,0,7.4,40,67
Lost,G,Hea,UK,67,1.054,8.7,61,62
Won,G,Fin,UK,55,0.337,8.5,60,70
Won,G,Air,UK,56,0.526,8.1,52,50
Won,L,Ene,UK,42,0.348,9.8,57,62
Won,G,Def,Ame,50,0.958,8.4,43,66
Lost,P,Con,UK,53,2.536,7.8,57,49
Won,Li,Con,UK,46,0.215,5.3,52,56
Lost,G,Cap,UK,48,1.614,8,48,60
Won,G,Def,Oth,30,0.538,8.2,54,69
Lost,P,Sec,Ind,44,1.52,9.8,60,53
Won,G,Oth,UK,49,1.122,8.6,28,38
Lost,L,Def,UK,51,1.312,8.5,63,50
Won,Li,Oth,Oth,64,0.919,5.5,39,63
Won,L,Cap,UK,40,1.393,7.8,39,67
Won,G,Ban,Ame,43,1.063,6.5,49,57
Lost,F,Cap,UK,60,0.983,8.1,50,42
Lost,F,Con,UK,54,1.102,8,64,62
Won,G,Cap,UK,48,0.788,9.6,42,45
Won,G,Cap,UK,48,-0.351,8.1,50,50
Lost,G,Ban,Sin,65,1.105,6.2,51,56
Won,C,Ban,UK,59,0.771,7.3,46,79
Lost,F,Cap,UK,60,1.387,8.5,50,67
Lost,G,Cap,UK,48,1.501,5.3,52,71
Lost,L,Def,UK,51,1.109,8.6,52,66
Lost,G,Cap,Oth,41,1.534,9.4,54,43
Lost,P,Con,UK,53,2.306,8.6,47,85
Won,L,Ene,UK,42,0.559,6.6,50,62
Lost,G,Cap,UK,48,1.281,10.7,63,60
Lost,Li,Cap,Oth,47,1.474,8.7,39,65
Won,G,Oth,UK,49,0.583,11.9,52,47
Lost,G,Cap,UK,48,1.393,9.8,55,40
Lost,G,Def,Ame,50,1.427,6.5,55,54
Lost,G,Ban,Ame,43,1.411,10.6,39,49
Lost,P,OG,Jap,33,1.334,6.4,55,59
Lost,G,Ban,UK,61,1.453,7.3,75,61
Won,P,Cap,Ame,28,0.797,8.6,46,52
Lost,G,Ban,UK,61,1.875,5.7,64,57
Lost,Lo,Gov,UK,36,1.509,6,56,48
Won,P,Cap,UK,71,-0.046,10.2,33,55
Won,P,Con,UK,53,0.556,7.3,42,76
Won,G,Ban,Afr,52,0.993,8.9,44,48
Lost,Li,Con,UK,46,1.355,8,45,50
Won,F,Cap,UK,60,0.298,7.4,54,45
Won,Lo,Gov,UK,36,0.177,7,39,52
Won,P,Sec,Ind,44,0.646,7,50,41
Lost,G,Cap,UK,48,1.802,4.2,45,49
Won,G,Ban,Ame,43,-0.003,7.7,45,58
Won,L,Def,UK,51,0.595,8.7,45,52
Lost,Li,Cap,Oth,47,1.408,8.5,51,49
Lost,F,Cap,UK,60,1.225,3.2,49,74
Lost,G,Def,Ame,50,1.415,11,40,39
Won,G,Oth,UK,49,1.167,10.6,34,77
Lost,G,Fin,UK,55,1.549,8.3,59,65
Lost,L,Ban,Afr,45,1.399,8.2,42,49
Won,Li,Cap,Oth,47,1.194,6.4,35,43
Won,G,Oth,UK,49,0.519,4.9,36,73
Lost,G,Oth,UK,49,1.362,7.9,54,58
Lost,G,Oth,UK,49,1.611,7.2,50,62
Won,L,Def,UK,51,1.51,9.3,31,60
Lost,G,Hea,UK,67,1.499,9.7,47,49
Won,P,Con,UK,53,0.611,7.8,59,63
Lost,Lo,Gov,UK,36,1.52,10,48,63
Lost,F,Con,UK,54,2.306,4.9,50,44
Won,G,Ins,UK,58,-0.631,8.9,50,60
Lost,G,Fin,UK,55,1.064,6.7,53,58
Lost,P,Con,UK,53,1.034,6.1,61,49
Lost,P,Con,UK,53,1.306,5.8,56,51
Won,L,Cap,UK,40,0.931,5.8,44,65
Won,L,Def,UK,51,0.5,7.1,61,55
Lost,L,Ban,Afr,45,1.093,7.5,56,71
Lost,G,Ban,Sin,65,1.911,7.7,46,57
Lost,F,Inf,UK,62,1.214,9.2,49,61
Lost,G,Def,Ame,50,1.496,3.3,64,72
Lost,F,Cap,Oth,57,1.023,4,44,60
Won,G,Ban,Ame,43,1.08,12.1,37,75
Won,G,Def,Jap,63,0.337,9.7,51,45
Lost,C,Ban,UK,59,1.026,5.2,42,59
Lost,G,Tel,Spa,66,1.225,8.7,56,35
Won,G,Ban,UK,61,0.28,9.5,55,70
Lost,G,Def,Ame,50,0.964,8.2,55,60
Won,G,Sec,UK,32,0.678,8.1,56,33
Won,F,Con,UK,54,0.595,7.6,47,62
Won,G,Ban,Afr,52,0.919,6.4,43,58
Won,G,Ban,Ame,43,-0.112,7.1,44,47
Lost,C,Ban,UK,59,1.072,11.3,53,43
Lost,G,Cap,UK,48,1.769,9.8,40,72
Won,G,Cap,Oth,41,0.049,7,55,55
Lost,G,Ins,UK,58,1.834,7,39,63
Lost,G,Air,UK,56,1.691,10,52,60
Won,Li,Cap,Oth,47,0.868,9.4,51,48
Lost,F,Cap,Oth,57,1.204,5.2,43,54
Won,L,Ene,UK,42,0.45,10.3,45,66
Lost,G,Ins,UK,58,1.534,9.3,54,61
Lost,P,Sec,Ind,44,2.112,7.3,40,35
Won,G,Oth,UK,49,0.196,7.8,57,58
Won,G,Hea,UK,67,0.324,8.7,38,37
Won,P,Sec,Ind,44,1.087,6.7,51,53
Lost,L,Def,UK,51,1.437,6,53,73
Lost,F,Cap,Oth,57,1.758,9.7,49,52
Lost,P,Con,UK,53,1.413,9.8,68,56
Lost,G,Air,UK,56,0.624,7.3,59,65
Lost,G,Ban,Sin,65,1.343,7.9,41,67
Won,G,Ban,Sin,65,0.548,6.3,33,100
Lost,G,Cap,UK,48,1.612,9.1,30,48
Lost,G,Def,Ame,50,1.646,9.8,53,62
Lost,G,Cap,UK,48,0.757,7.2,71,49
Won,G,Ban,Ame,43,0.189,7.3,52,60
Lost,G,Oth,Afr,39,1.543,10.2,58,64
Won,G,Oth,UK,49,0.477,4.9,57,71
Won,G,Ban,Ame,43,1.122,7.6,41,59
Won,G,Ban,Afr,52,0.229,5.1,50,60
Lost,G,Def,Ame,50,1.428,13.1,53,48
Lost,G,Ban,Ame,43,1.621,8.3,39,55
Won,L,Def,UK,51,0.285,7,43,58
Won,G,Oth,Afr,39,0.115,8.2,69,52
Won,F,Cap,UK,60,0.971,8.1,41,62
Won,P,Con,UK,53,0.674,8.5,35,61
Lost,L,Cap,UK,40,1.805,9.6,53,66
Won,G,Cap,Oth,41,0.436,9.4,57,65
Lost,Li,Con,UK,46,1.755,11,39,69
Won,L,Ene,UK,42,0.15,8.4,68,59
Won,G,Cap,Oth,41,0.358,10.1,32,45
Won,G,Cap,Oth,41,1.169,5.9,54,85
Won,Li,Cap,Oth,47,0.41,9.2,50,62
Lost,G,Oth,UK,49,0.994,11.6,63,41
Won,Lo,Mob,UK,35,1.369,9.5,48,62
Won,G,Cap,UK,48,0.553,6.9,55,57
Won,G,Cap,Oth,41,1.427,7.4,38,70
Lost,P,OG,Jap,33,2.112,11.6,46,40
Lost,G,Fin,UK,55,0.897,8.5,57,69
Won,G,Air,UK,56,0.063,11.5,50,55
Won,P,Cap,Ame,28,1.068,5.6,60,67
Won,G,Oth,UK,49,0.405,7.8,57,61
Won,F,Cap,Oth,57,0.581,9,44,72
Lost,P,Sec,Ind,44,1.793,8.4,32,50
Lost,G,Fin,UK,55,0.809,10,51,43
Won,Lo,Gov,UK,36,0.566,8.8,66,50
Lost,Li,Con,UK,46,0.805,8.3,65,55
Won,G,Ban,Afr,52,0.994,8.7,36,43
Won,F,Inf,UK,62,0.711,7.2,34,51
Lost,G,Ins,UK,58,0.613,8,64,59
Won,Li,Oth,Oth,64,0.337,10.3,52,69
Lost,G,Def,Ame,50,1.116,3.2,48,51
Lost,L,Ban,Afr,45,2.112,10.3,29,66
Won,G,Air,UK,56,0.786,11.4,46,50
Lost,G,Cap,UK,48,1.616,5.6,70,50
Won,G,Ins,UK,58,0.087,10.2,46,56
Won,G,Oth,UK,49,1.462,10.6,32,54
Lost,Li,Oth,Oth,64,0.942,6.8,65,52
Lost,F,Con,UK,54,1.315,5.2,50,68
Lost,F,Con,UK,54,1.09,7.3,74,48
Lost,G,Hea,UK,67,1.303,6.5,46,56
Lost,F,Con,UK,54,1.318,9.7,57,63
Won,Li,Cap,Oth,47,0.364,6.7,50,65
Lost,G,Tel,Spa,66,0.902,11.4,58,50
Lost,P,Con,UK,53,0.806,5.9,60,78
Lost,G,Ban,UK,61,0.79,7.7,58,45
Lost,G,Oth,UK,49,2.112,7.7,46,54
Won,G,Cap,Oth,41,0.337,7.9,44,69
Lost,G,Cap,UK,48,1.073,9.7,66,54
Lost,G,Ban,Ame,43,1.069,4.2,61,63
Lost,G,Def,Ame,50,0.962,7.7,55,63
Won,G,Ban,Ame,43,0.696,10.8,42,60
Won,G,Def,Oth,30,0.976,6.9,47,61
Lost,G,Ban,Ame,43,1.287,8,61,63
Lost,Li,Oth,Oth,64,2.306,9.4,38,66
Lost,G,Oth,UK,49,1.106,6.7,56,35
Won,G,Def,Afr,25,0.145,9.9,52,68
Won,L,Cap,UK,40,0.581,6.8,40,55
Lost,Li,Con,UK,46,0.812,6,69,63
Lost,P,Ene,UK,34,1.472,8.4,52,59
Won,Li,Mob,Can,10,1.433,9.4,36,57
Lost,F,Con,UK,54,1.254,5.5,56,55
Lost,G,Oth,Oth,69,1.01,7,45,56
Lost,G,Cap,UK,48,1.291,8.7,49,60
Lost,F,Cap,UK,60,0.847,6.1,51,60
Won,G,Ban,UK,61,0.587,6.5,49,50
Lost,G,Air,UK,56,1.309,5.9,54,67
Lost,Li,Oth,Oth,64,1.277,8.7,34,59
Lost,L,Def,UK,51,1.359,7.4,57,63
Lost,G,Ban,Afr,52,0.896,6.3,63,66
Won,F,Con,UK,54,0.718,8.1,42,69
Lost,F,Cap,UK,60,0.998,6,59,44
Won,G,Oth,UK,49,0.718,6.1,50,56
Won,Li,Oth,Oth,64,0,9.3,45,56
Won,G,Fin,UK,55,0.432,7.3,38,46
Won,Lo,Mob,UK,35,1.097,7.4,56,63
Won,G,Def,Ame,50,1.211,5.7,41,58
Lost,Li,Cap,Oth,47,1.452,10.6,59,57
Lost,G,Oth,UK,49,2.306,6.1,70,61
Lost,G,Air,UK,56,1.797,5.8,46,48
Lost,P,Cli,UK,70,1.182,10,52,41
Lost,Li,Oth,Oth,64,1.026,7.2,59,68
Won,G,Oth,Oth,69,0.891,7.2,38,77
Lost,P,Cap,Ame,28,2.465,8.5,44,76
Lost,G,Ins,UK,58,0.727,8.9,61,55
Won,G,Oth,UK,49,0.455,9.8,42,49
Won,G,Hea,UK,67,0.165,7.1,57,55
Won,G,Fin,UK,55,0.611,10.6,40,78
Lost,G,Def,Ame,50,1.512,4.1,67,78
Lost,L,Def,UK,51,1.25,10.7,57,60
Lost,P,Con,UK,53,1.509,6.4,65,60
Won,P,Sec,Ame,68,-0.453,7.6,57,47
Lost,F,Cap,UK,60,1.069,5,61,57
Lost,G,Ban,Afr,52,1.475,10.1,42,65
Won,G,Oth,UK,49,0.57,8.4,63,58
Lost,P,Con,UK,53,0.922,5.8,62,72
Won,G,Oth,Afr,39,0.604,7.5,58,73
Won,P,Inf,UK,37,0.737,11.7,47,74
Lost,F,Cap,Oth,57,1.67,10.2,58,57
Lost,G,Cap,UK,48,0.959,11.2,62,51
Won,G,Fin,UK,55,1.288,6.1,39,62
Won,P,Mob,Can,29,1.431,9.2,34,56
Won,G,Cap,UK,48,1.417,10.8,43,69
Lost,F,Con,UK,54,1.521,7.4,46,100
Lost,L,Def,UK,51,1.794,7.9,43,44
Lost,G,Ban,Afr,52,1.449,8.2,53,67
Won,P,Con,UK,53,0.81,9.3,33,70
Won,G,Oth,UK,49,0.993,7,55,68
Won,Li,Cap,Oth,47,1.273,8.5,45,67
Lost,G,Air,UK,56,0.983,9,58,35
Won,P,Sec,Ind,44,1.201,9.4,37,67
Lost,P,Ins,UK,75,0.757,4.9,40,58
Lost,L,Def,UK,51,1.147,10.5,64,47
Won,F,Con,UK,54,0.59,8.3,51,66
Won,G,Ins,UK,58,0.847,7.5,36,51
Won,G,Oth,UK,49,0.687,7.6,52,54
Won,P,Sec,Ind,44,1.14,10.2,36,72
Lost,G,Air,UK,56,2.112,8.2,33,55
Lost,F,Con,UK,54,1.412,4.5,57,50
Lost,Li,Con,UK,46,1.329,6.8,53,57
Lost,F,Cap,UK,60,1.541,13,47,55
Won,G,Ban,Afr,52,0.302,9,44,49
Won,G,Cap,Oth,41,1.628,9.6,35,49
Lost,Li,Cap,Oth,47,1.183,6,49,49
Lost,L,Cap,UK,40,0.875,7.9,63,52
Lost,G,Def,Jap,63,0.531,11.7,54,52
Lost,G,Ban,Sin,65,0.951,6.7,74,70
Lost,F,Cap,Oth,57,0.908,8.2,77,72
Lost,F,Cap,Oth,57,1.897,9.3,73,100
Lost,G,Cap,UK,48,1.495,5.5,69,59
Lost,Li,Cap,Oth,47,0.871,9.4,68,51
Lost,G,Ban,UK,61,1.202,7.2,49,63
Lost,G,Ban,UK,61,2.112,7.5,39,65
Lost,G,Ban,Ame,43,1.225,9.1,51,50
Won,L,Cap,UK,40,0.16,8.2,49,38
Lost,G,Ban,Sin,65,1.645,5.8,38,72
Lost,P,Con,UK,53,1.026,12.2,66,65
Won,Lo,Gov,UK,36,0.676,10.1,61,67
Lost,P,Sec,Ind,44,1.393,6.3,61,54
Won,L,Cap,UK,40,0.764,6.9,47,47
Won,F,Ins,UK,31,0.559,8.1,58,60
Lost,Li,Oth,Oth,64,1.046,10.1,57,58
Lost,L,Cap,UK,40,1.838,7.3,65,68
Won,Li,Cap,Oth,47,0.993,9,39,65
Won,P,Inf,UK,37,0.376,8.1,47,64
Lost,P,Sec,Ame,68,1.17,7.2,50,45
Won,Li,Con,UK,46,1.101,5.9,46,90
Won,G,Cap,UK,48,0.315,5.2,41,70
Won,G,Oth,Ame,38,0.566,10.3,55,61
Lost,Li,Cap,Oth,47,1.256,11.5,55,63
Lost,G,Def,Ame,50,0.957,6.1,65,72
Lost,P,Sec,Ind,44,1.492,5.7,59,48
Lost,L,Ene,UK,42,1.248,4.9,68,69
Lost,Li,Cap,Oth,47,1.647,7.9,46,68
Won,Li,Def,UK,20,1.639,9.2,48,75
Lost,F,Con,UK,54,1.177,6.2,50,71
Lost,G,Fin,UK,55,1.013,3.8,53,59
Lost,G,Ins,UK,58,1.691,8.5,57,59
Lost,G,Air,UK,56,1.726,6.8,43,67
Lost,Li,Cap,Oth,47,1.343,5.5,50,50
Lost,G,Ban,UK,61,1.245,9,41,56
Lost,G,Oth,Afr,39,1.535,9.5,64,57
Won,P,Mob,Can,29,1.386,6.9,34,57
Lost,F,Cap,Oth,57,1.2,8.3,53,67
Lost,G,Cap,Oth,41,1.625,9.3,52,66
Lost,F,Con,UK,54,0.996,8.4,51,52
Lost,G,Oth,Afr,39,1.334,11.2,50,63
Won,L,Cap,UK,40,0.388,7.6,52,58
Won,L,Ene,UK,42,-0.334,9.8,57,64
Lost,G,Tel,Spa,66,1.02,6.1,56,73
Won,G,Ban,Afr,52,0.536,5.1,62,63
Lost,G,Ban,UK,61,1.388,6.2,54,68
Won,G,Def,Ame,50,0.766,4.4,32,65
Lost,G,Fin,UK,55,1.416,10.8,46,55
Won,G,Air,UK,56,-0.08,5.4,35,64
Lost,P,Ene,UK,34,1.585,9.9,45,56
Won,G,Oth,UK,49,0.793,7.5,41,67
Won,P,Ene,UK,34,1.204,9.4,58,68
Won,L,Ban,Afr,45,0.868,7,45,61
Lost,F,Con,UK,54,1.376,7.4,44,66
Won,G,Cap,Oth,41,0.308,9.6,33,51
Won,G,Cap,UK,48,1.01,10.4,64,100
Lost,G,Cap,UK,48,1.526,8.7,64,60
Lost,L,Def,UK,51,2.112,11.3,54,61
Won,F,Cap,UK,60,0.363,7.5,55,52
Lost,G,Fin,UK,55,1.079,9.6,64,59
Lost,P,Sec,Ind,44,1.218,8,50,62
Won,L,Ban,Afr,45,0.934,7.2,52,53
Won,G,Oth,Ame,38,0.875,7.7,53,49
Lost,L,Ban,Afr,45,0.784,6.2,60,52
Won,F,Con,UK,54,-0.128,9.4,37,53
Lost,L,Def,UK,51,0.71,10.6,71,64
Won,G,Ban,Ame,43,0.677,4.7,55,63
Won,Li,Cap,Oth,47,0.333,8.5,59,66
Won,P,Sec,Ind,44,0.529,5.9,65,55
Won,G,Oth,UK,49,0.689,11.1,41,45
Lost,L,Ene,UK,42,1.766,7.4,62,47
Lost,G,Oth,Oth,69,1.334,8,51,48
Won,P,Inf,UK,37,0.119,9.9,32,55
Won,P,Ene,UK,34,0.061,8.5,40,69
Lost,F,Cap,Oth,57,0.714,9.5,73,68
Won,G,Ins,UK,58,0.746,6.8,40,56
Won,P,Ene,UK,34,1.429,3.1,37,70
Won,C,Ban,UK,59,0.613,8.7,46,45
Won,P,Inf,UK,37,1.107,8.2,46,48
Lost,F,Cap,UK,60,0.829,7.5,58,64
Won,Li,Con,UK,46,0.677,10.2,58,66
Lost,F,Inf,UK,62,1.617,7.8,56,63
Lost,P,Cap,Ame,28,1.683,7.3,52,53
Won,P,Sec,Ind,44,0.595,8.3,26,70
Lost,G,Air,UK,56,0.98,9.9,70,71
Lost,Li,Cap,Oth,47,1.36,6.3,52,51
Lost,G,Cap,Oth,41,1.556,8.2,42,38
Lost,F,Cap,UK,60,1.838,6.5,52,53
Won,L,Cap,UK,40,0.559,9.3,46,52
Won,L,Ene,UK,42,1.225,6.3,45,54
Lost,G,Ins,UK,58,1.356,6.6,46,56
Won,G,Def,Ame,50,1.052,5.4,53,78
Won,P,Con,UK,53,0.172,3.1,38,56
Lost,L,Ban,Afr,45,0.908,5.6,63,61
Won,G,Def,Oth,30,0.608,8,47,46
Won,L,Ene,UK,42,1.263,11.1,43,54
Lost,G,Oth,UK,49,1.728,10.6,57,71
Won,F,Con,UK,54,0.647,5.8,55,66
Lost,G,Oth,UK,49,0.926,7,55,50
Won,G,Ban,Ame,43,1.146,6.9,52,68
Won,G,Def,Ame,50,0.445,7.1,58,51
Won,L,Ene,UK,42,1.072,9.2,45,74
Won,G,Air,UK,56,0.518,10.6,53,57
Lost,G,Air,UK,56,0.845,4.3,52,54
Lost,P,Sec,Ind,44,1.174,9.1,70,56
Won,P,Con,UK,53,0.624,10.4,41,100
Lost,F,Con,UK,54,1.897,10.8,46,55
Lost,Li,Oth,Oth,64,1.264,6.8,39,70
Lost,P,Cap,Ame,28,1.588,8.3,77,85
Lost,G,Oth,UK,49,1.141,4.5,47,54
Lost,G,Fin,UK,55,1.773,8.8,68,57
Won,G,Cap,Oth,41,0.495,8,62,77
Lost,G,Ban,Ame,43,1.685,3.1,43,76
Lost,Li,Cap,Oth,47,1.885,4.7,59,48
Won,G,Ban,Sin,65,1.165,8.8,34,64
Won,G,Cap,Oth,41,1.07,8.5,52,68
Won,P,Sec,Ind,44,0.782,8,53,85
Lost,F,Inf,UK,62,0.798,6.2,63,69
Lost,L,Ins,UK,74,0.879,6.4,55,32
Lost,C,Ban,UK,59,0.581,5.5,56,45
Won,L,Def,UK,51,0.603,10.3,44,64
Lost,Li,Con,UK,46,1.317,8.1,59,61
Won,G,Sec,UK,32,0.724,11.1,40,50
Won,C,Ban,UK,59,1.259,7.5,34,70
Won,G,OG,Jap,24,1.24,8.7,68,72
Won,G,Oth,Afr,39,1.898,6.9,30,65
Won,G,Air,UK,56,0.587,11.8,48,49
Lost,C,Ban,UK,59,1.827,11,50,85
Lost,G,Cap,UK,48,1.299,9.7,50,58
Lost,G,Ins,UK,58,1.271,10.1,51,61
Won,P,Ene,UK,34,-0.059,10,36,48
Lost,G,Oth,UK,49,0.952,7.6,65,66
Lost,G,Ban,Afr,52,1.155,8.7,51,35
Lost,G,Ban,UK,61,1.625,9.2,48,63
Lost,L,Ene,UK,42,1.407,5,51,48
Lost,P,Con,UK,53,1.236,7.6,49,63
Lost,F,Cap,Oth,57,1.119,7.6,54,60
Lost,G,Oth,Afr,39,0.996,7.8,58,52
Won,L,Def,UK,51,0.533,6,51,57
Lost,L,Ene,UK,42,1.477,8.8,53,58
Won,G,Ins,UK,58,0.536,5.7,55,47
Lost,G,Ban,Ame,43,2.306,9.2,63,69
Won,G,Oth,UK,49,0.294,4.6,44,64
Lost,Li,Cap,Oth,47,1.095,7.2,71,59
Lost,F,Inf,UK,62,1.537,8.7,53,70
Lost,G,Ban,Ame,43,1.744,4.4,42,44
Won,G,Cap,Oth,41,0.955,8.5,62,100
Lost,G,Oth,UK,49,1.068,9.8,49,61
Won,G,Fin,UK,55,0.004,4.1,44,57
Lost,G,Sec,Sin,73,1.9,6.6,53,30
Won,G,Ins,UK,58,0.128,9.7,56,62
Lost,L,Def,UK,51,2.112,10.3,44,60
Lost,G,Def,Jap,63,1.594,8,45,46
Won,L,Ban,Afr,45,0.287,7.3,41,62
Won,P,OG,Jap,33,0.572,9,45,57
Won,F,Inf,UK,62,0.313,5.2,61,51
Won,G,Ban,Afr,52,0.716,12.5,39,70
Lost,G,Def,Ame,50,1.08,9.5,62,56
Won,Lo,Mob,UK,35,0.754,7.1,47,78
Lost,L,Cap,UK,40,1.706,8.3,51,49
Lost,C,Ban,UK,59,0.99,5.9,68,65
Won,Li,Cap,Oth,47,0.969,11.6,45,77
Lost,P,Ene,UK,34,1.256,8.8,56,56
Lost,G,Ban,Afr,52,1.245,6.9,49,68
Lost,G,Fin,UK,55,1.021,9.8,59,51
Won,G,Def,Jap,63,1.026,8.3,36,63
Lost,Li,Con,UK,46,0.925,4.8,61,59
Won,P,OG,Jap,33,0.887,9.8,40,65
Lost,F,Con,UK,54,1.017,11.8,55,52
Lost,L,Ban,Afr,45,1.463,6,38,39
Won,Lo,Gov,UK,36,1.127,10.6,37,54
Won,G,Oth,Ame,38,0.426,7.6,53,65
Lost,C,Ban,UK,59,0.539,9.1,69,57
Won,G,Ban,Afr,52,0.39,6.2,48,53
Won,G,Fin,UK,55,-0.151,7.1,53,73
Lost,L,Def,UK,51,2.306,6,41,51
Won,P,Con,UK,53,1.243,6.6,41,60
Lost,G,Fin,UK,55,1.263,11.1,66,65
Lost,Li,Con,UK,46,1.408,3.2,64,64
Lost,Lo,Gov,UK,36,1.225,7.5,64,49
Lost,G,Ban,Afr,52,1.505,8.4,63,69
Won,L,Def,UK,51,0.704,11,60,60
Lost,L,Ene,UK,42,1.525,6.3,44,43
Lost,P,Sec,Ind,44,1.363,8.2,55,54
Lost,P,Ene,UK,34,1.656,9.6,45,50
Lost,Li,Cap,Oth,47,0.717,10.8,62,49
Lost,G,Def,Ame,50,1.241,6,79,73
Won,Li,Con,UK,46,0.996,8.8,54,78
Lost,Li,Cap,Oth,47,1.452,5.8,50,66
Lost,G,Ban,Ame,43,1.562,6.6,46,52
Won,P,Sec,Ame,68,0.776,8.5,44,100
Lost,Li,Cap,Oth,47,1.225,7.3,50,58
Won,P,Con,UK,53,1.294,8.3,43,70
Won,G,Cap,UK,48,0.317,9.3,34,58
Lost,G,Ban,Afr,52,1.471,9.3,42,52
Won,L,Ban,Afr,45,0.869,7.6,57,71
Lost,G,Fin,UK,55,1.334,3.7,43,68
Won,G,Cap,UK,48,0.893,6.5,47,61
Lost,G,Tel,Spa,66,0.855,8.1,50,50
Won,L,Ban,Afr,45,1.108,4.2,54,67
Lost,L,Cap,UK,40,1.63,10.8,44,55
Won,F,Cap,UK,60,-0.046,5.3,49,60
Won,G,Air,UK,56,0.317,6.4,62,58
Lost,Li,Con,UK,46,0.799,9.9,65,67
Lost,Li,Oth,Oth,64,0.73,6.6,59,74
Won,P,OG,Jap,33,1.333,5.2,43,64
Lost,Li,Oth,Oth,64,1.55,6.9,50,47
Won,G,Cap,UK,48,1.225,8.4,43,60
Lost,F,Cap,Oth,57,1.944,6.2,46,69
Lost,G,Cap,Oth,41,1.599,7.9,49,68
Won,Li,Cap,Oth,47,0.844,5,27,48
Lost,G,Ins,UK,58,0.9,8.8,45,53
Won,G,Oth,Ame,38,1.537,10.4,38,43
Won,G,Oth,UK,49,0.455,10.6,53,48
Lost,G,Oth,Afr,39,1.168,13.2,62,51
Won,Li,Con,UK,46,0.921,9.3,46,59
Lost,G,Ban,Sin,65,0.789,7.6,67,66
Won,G,Ban,Afr,52,0.459,8.8,62,59
Won,G,Def,Ame,50,1.689,6.9,27,70
Won,Li,Cap,Oth,47,0.654,7.6,49,74
Lost,P,Sec,Ame,68,1.364,5.5,38,52
Won,Li,Cap,Oth,47,0.576,8.9,54,57
Won,P,Con,UK,53,0.556,7.8,24,70
Lost,P,Con,UK,53,1.287,9.2,45,62
Lost,G,Oth,UK,49,1.197,10.1,71,49
Won,L,Cap,UK,40,-0.171,8.3,49,53
Won,G,Fin,UK,55,0.833,5.5,46,68
Lost,F,Ins,UK,31,1.511,7,54,61
Lost,Lo,Gov,UK,36,0.84,5.6,68,56
Lost,G,Fin,UK,55,1.457,6.9,47,52
Won,F,Con,UK,54,0.998,11.8,42,46
Lost,C,Ban,UK,59,1.582,5.3,33,53
Lost,L,Def,UK,51,2.112,10.1,56,64
Won,P,Sec,Ind,44,1.358,6.7,35,67
Lost,G,Ban,Afr,52,1.037,8.5,63,46
Won,L,Cli,UK,78,0.296,7.4,32,67
Won,G,Ban,UK,61,1.01,8.6,44,75
Won,L,Def,UK,51,0.693,7.4,53,55
Won,Li,Cap,Oth,47,0.49,5.8,45,53
Lost,P,Sec,UK,76,0.829,6.9,50,56
Won,G,Sec,UK,32,0.32,6.7,38,70
Lost,G,Cap,Oth,41,1.562,7.1,44,73
Won,Li,Cap,UK,27,0.753,6.8,51,71
Lost,G,Cap,Oth,41,1.336,7.2,55,69
Won,L,Ene,UK,42,0.755,8.4,45,60
Lost,F,Con,UK,54,0.26,11.3,71,53
Lost,G,Air,UK,56,1.262,10.8,49,60
Lost,G,Ban,Sin,65,0.852,12.1,58,60
Lost,G,Ban,UK,61,1.393,9.6,58,58
Lost,G,OG,Oth,72,0.663,5.5,53,62
Lost,Lo,Mob,UK,35,1.708,10.6,46,60
Won,G,Ban,Afr,52,1.472,7.7,19,73
Lost,G,Def,Ame,50,1.19,9.4,61,51
Lost,G,Fin,UK,55,1.889,5.7,59,59
Won,Li,Oth,Oth,64,0.041,7.4,41,73
Lost,G,Cap,UK,48,1.502,10.5,56,63
Lost,Li,Con,UK,46,1.038,9.3,57,76
Won,Lo,Mob,UK,35,0.991,8.3,47,52
Won,G,Oth,UK,49,0.297,10.2,42,61
Won,G,Ban,Afr,52,0.588,8.1,57,63
Won,G,Cap,UK,48,0.9,6.5,54,67
Lost,G,Cap,UK,48,1.095,6.8,52,69
Won,L,Ban,Afr,45,0.658,7.3,44,54
Won,G,Sec,UK,32,1.479,6.5,46,61
Lost,F,Inf,UK,62,1.252,8.7,55,57
Lost,G,Ins,UK,58,1.135,7.8,58,69
Won,G,Ins,UK,58,0.269,7.9,60,74
Lost,F,Cap,Oth,57,1.34,7.8,74,52
Won,Lo,Gov,UK,36,0.34,6.4,64,66
Won,P,Con,UK,53,0.668,5.1,45,63
Won,G,Fin,UK,55,-0.051,9.7,45,60
Lost,G,Ban,Afr,52,1.195,8.6,65,51
Won,P,Con,UK,53,1.21,7.5,33,54
Lost,G,Oth,UK,49,1.825,8.3,42,52
Won,P,Con,UK,53,0.371,5.4,37,75
Won,G,Oth,UK,49,0.82,7.7,49,64
Won,Li,Cap,Oth,47,1.08,11.3,47,65
Lost,P,Sec,Ame,68,1.112,10.9,37,63
Won,L,Def,UK,51,1.013,6.7,35,51
Lost,G,Def,Oth,30,1.225,6.1,70,63
Won,G,Oth,Afr,39,0.858,7.3,56,60
Lost,G,Oth,Ame,38,1.447,7.1,62,45
Lost,G,Oth,UK,49,1.052,6.7,53,64
Won,G,Oth,UK,49,0.691,7.7,50,61
Lost,G,Def,Ame,50,1.069,7.8,57,53
Won,G,Ban,Ame,43,0.416,9,51,61
Won,L,Ban,Afr,45,1.393,9.4,36,64
Won,G,Ban,Afr,52,0.554,10.1,62,78
Lost,G,Oth,Oth,69,0.889,10.1,56,46
Lost,Li,Oth,Oth,64,1.662,7.7,44,56
Won,G,Ban,Ame,43,0.362,9.2,45,54
Won,G,Air,UK,56,0.918,10.5,41,75
Lost,L,Ban,Afr,45,2.46,4,49,51
Won,G,Fin,UK,55,0.477,6.4,50,70
Lost,G,Fin,UK,55,1.409,9.4,53,64
Won,G,Oth,Afr,39,1.329,5.4,53,71
Lost,G,Ban,Ame,43,1.582,9.8,45,57
Lost,G,Cap,UK,48,1.72,7.9,45,52
Won,G,Cap,UK,48,1.01,9.4,44,72
Lost,P,Ene,UK,34,1.353,7.2,61,47
Won,L,Cap,UK,40,0.033,8.4,45,64
Won,L,Ban,Afr,45,0.985,9.6,42,50
Lost,F,Con,UK,54,1.612,8.3,39,66
Lost,F,Inf,UK,62,1.563,9.4,53,63
Won,Lo,Gov,UK,36,1.454,7.7,46,69
Lost,G,Fin,UK,55,1.01,8.2,61,61
Won,G,Def,Afr,25,0.314,4.3,38,71
Lost,F,Con,UK,54,1.345,8,56,100
Lost,G,Ins,UK,58,0.72,9.7,52,52
Won,F,Cap,Oth,57,0.542,8.4,47,54
Won,Li,Con,UK,46,1.311,6.8,36,51
Won,G,Ban,Ame,43,1.01,9.4,46,69
Lost,G,Fin,UK,55,1.132,12,69,60
Won,G,Def,Ame,50,0.757,9.4,58,55
Lost,G,Ban,Sin,65,1.097,7.4,54,100
Won,L,Cap,UK,40,0.73,9.4,59,60
Won,G,Cap,UK,48,1.479,9.4,37,64
Lost,F,Cap,Oth,57,0.864,5.9,62,56
Lost,F,Con,UK,54,1.347,10,55,70
Lost,L,Ban,Afr,45,1.428,7,62,63
Won,F,Cap,Oth,57,0.783,5.1,47,56
Lost,G,Air,UK,56,1.115,6.6,66,41
Lost,F,Con,UK,54,1.019,8,46,43
Won,Li,Con,UK,46,1.064,10,41,53
Won,G,Cap,Oth,41,-0.561,8,38,69
Lost,G,Oth,UK,49,0.933,8.2,59,56
Won,G,Oth,UK,49,0.727,10.3,50,75
Won,G,Fin,UK,55,1.155,10.9,44,73
Lost,F,Cap,Oth,57,1.181,10.1,40,62
Lost,G,Ins,UK,58,1.092,6.6,52,63
Lost,Li,Con,UK,46,1.538,8.6,43,57
Lost,Lo,Gov,UK,36,1.152,8.6,53,50
Lost,F,Cap,Oth,57,1.382,6.1,35,51
Won,G,Ban,Afr,52,1.179,8.8,33,39
Lost,G,Ban,Afr,52,1.186,8,65,69
Won,G,Ban,Afr,52,1.049,5.8,27,62
Won,L,Def,UK,51,0.919,5.7,38,47
Won,G,Fin,UK,55,0.047,10,48,67
Won,G,Oth,Ame,38,1.416,7.4,44,100
Won,L,Def,UK,51,0.415,7.3,23,67
Won,Lo,Gov,UK,36,0.881,9.4,52,69
Lost,C,Ban,UK,59,1.158,10.9,46,62
Won,G,Oth,Ame,38,0.48,7.2,21,61
Lost,G,Fin,UK,55,1.476,7.6,53,55
Won,G,Def,Ame,50,0.323,6.8,58,63
Lost,G,Def,Ame,50,0.959,6.4,63,77
Lost,P,Sec,Ame,68,1.386,6.7,49,69
Won,G,Ban,Afr,52,1.225,8.4,56,100
Lost,L,Def,UK,51,1.584,5.6,62,79
Lost,G,Agr,Oth,26,1.614,7.5,54,67
Won,G,Ins,UK,58,0.42,8.7,54,68
Lost,P,Sec,Ind,44,1.418,10.1,68,51
Lost,P,Cap,UK,71,0.964,7.8,46,44
Lost,P,Cap,UK,71,0.891,7.7,42,69
Lost,F,Con,UK,54,1.443,6.8,61,59
Won,G,Ban,Ame,43,0.662,9.7,43,61
Lost,G,Ins,UK,58,1.791,8,45,50
Lost,G,Fin,UK,55,0.925,7.9,60,53
Lost,Li,Oth,Oth,64,0.647,7.6,50,49
Won,P,Con,UK,53,0.878,9.3,50,70
Won,P,Sec,Ind,44,0.864,5.7,51,61
Won,F,Cap,Oth,57,0.512,8.3,32,40
Won,P,Sec,Ind,44,0.709,11,60,73
Won,G,Cap,UK,48,0.254,9.5,38,45
Lost,F,Cap,Oth,57,1.659,7.8,66,72
Won,G,Ban,Ame,43,0.986,8.7,47,62
Won,G,Oth,UK,49,0.822,9.1,36,50
Won,G,Sec,UK,32,0.853,8.3,61,56
Won,L,Ban,Afr,45,0.59,6.7,68,71
Won,G,Oth,Ame,38,0.946,7.5,40,56
Won,Li,Cap,Oth,47,1.089,10.3,39,51
Lost,C,Ban,UK,59,1.01,3.4,55,50
Lost,G,Air,UK,56,1.093,8.3,48,67
Won,P,OG,Jap,33,0.785,10.7,42,100
Won,P,Con,UK,53,0.72,10.1,31,57
Lost,G,Ins,UK,58,1.491,4.9,51,75
Won,Li,Cap,Oth,47,0.345,11,67,43
Lost,G,Oth,Oth,69,0.812,7.6,46,68
Won,G,Oth,UK,49,0.997,9.8,48,54
Won,G,Fin,UK,55,0.482,7.5,46,68
Lost,Li,Cap,Oth,47,1.257,9.8,55,41
Won,Li,Cap,UK,27,0.557,6.7,44,59
Won,G,Oth,Afr,39,0.595,9.8,59,51
Lost,F,Inf,UK,62,2.112,8.5,44,62
Won,G,Cap,UK,48,0.834,4.3,40,78
Won,Li,Con,UK,46,0.646,8.5,45,49
Lost,G,Cap,Oth,41,1.838,9,60,54
Lost,G,Cap,Oth,41,2.603,10.5,58,64
Won,F,Cap,UK,60,0.549,7.4,40,59
Lost,C,Ban,UK,59,1.355,5.8,55,71
Won,G,Ban,Sin,65,0.765,8.5,48,62
Lost,G,Ban,Afr,52,1.252,10.3,58,73
Won,Li,Con,UK,46,0.013,9.4,46,60
Won,G,Cap,UK,48,0.257,8.1,62,51
Won,G,Ban,Sin,65,0.473,4.6,49,56
Won,L,Cap,UK,40,-0.145,11.1,36,55
Won,L,Ene,UK,42,0.351,8.3,46,64
Lost,Li,Con,UK,46,1.264,4.6,58,56
Lost,G,Air,UK,56,1.563,8,39,71
Lost,Li,Oth,Oth,64,1.484,7.5,52,54
Lost,P,Con,UK,53,1.725,8.4,39,48
Won,L,Ban,Afr,45,0.952,8.5,45,67
Won,P,Sec,Ind,44,-0.061,11.1,52,62
Lost,G,Ban,Sin,65,1.132,10.6,49,66
Won,P,OG,Jap,33,0.496,6.2,46,40
Won,P,Inf,UK,37,1.565,6,35,71
Won,L,Ene,UK,42,0.878,5.5,50,59
Lost,G,Tel,Spa,66,0.947,7.5,38,57
Won,G,Sec,UK,32,0.937,9.5,45,59
Lost,G,Def,Jap,63,1.34,6.5,43,68
Lost,G,Def,Ame,50,1.293,7.4,55,60
Won,F,Cap,UK,60,0.117,11.1,43,42
Won,G,Oth,Oth,69,0.568,1.6,43,49
Lost,F,Inf,UK,62,0.728,5.8,57,67
Won,Lo,Mob,UK,35,0.82,6,46,60
Won,G,Oth,Ame,38,0.415,7.9,45,50
Lost,F,Cap,UK,60,0.917,11,61,58
Won,G,Def,Ame,50,1.162,9.5,45,78
Lost,G,Def,Ame,50,0.923,7.8,60,48
Won,G,Sec,UK,32,0.274,8,55,75
Lost,F,Cap,UK,60,1.202,5.9,44,75
Won,G,Ban,Afr,52,0.896,5.5,46,60
Lost,G,Air,UK,56,1.01,5.7,58,41
Won,C,Ban,UK,59,0.74,9.6,45,54
Lost,F,Con,UK,54,1.639,5.5,53,63
Won,G,Oth,Afr,39,1.507,8.7,35,48
Won,P,Inf,UK,37,-0.062,6.2,47,58
Won,Lo,Mob,UK,35,1.225,8.9,50,57
Won,F,Con,UK,54,1.267,5.7,27,100
Lost,L,Def,UK,51,1.817,9.6,69,75
Won,P,Sec,Ind,44,1.09,6.5,49,62
Won,G,Ban,Afr,52,0.264,7.5,51,65
Lost,G,Tel,Spa,66,0.993,10,40,57
Lost,P,Sec,Ame,68,1.157,9,49,55
Lost,L,Ban,Afr,45,1.578,7.2,54,61
Won,G,Def,Oth,30,1.01,6.4,53,44
Won,F,Con,UK,54,0.111,7.7,59,61
Lost,C,Ban,UK,59,1.08,6.2,47,50
Won,G,Air,UK,56,0.586,7,47,54
Lost,G,Oth,UK,49,0.964,10.2,57,56
Lost,F,Cap,UK,60,0.79,6.1,57,59
Lost,G,Oth,Oth,69,0.917,9.4,50,56
Won,L,Cap,UK,40,1.188,8.5,30,74
Won,G,Oth,Afr,39,0.645,5.1,61,56
Lost,Li,Con,UK,46,1.258,7.2,69,67
Lost,G,Ban,Ame,43,1.81,10,43,66
Won,Li,Con,UK,46,0.657,10.7,36,47
Lost,Li,Cap,Oth,47,1.495,7.3,58,75
Won,L,Ene,UK,42,0.896,3.8,49,70
Won,G,Cap,Oth,41,1.039,7.9,47,52
Won,G,Def,Afr,25,0.54,7.9,69,72
Won,Lo,Mob,UK,35,0.609,9.2,34,48
Lost,G,Def,Ame,50,1.309,12.3,46,54
Won,G,Cap,UK,48,1.211,10.6,36,63
Lost,G,Cap,UK,48,1.058,10.5,53,68
Won,F,Con,UK,54,1.531,6,32,73
Won,L,Cap,UK,40,0.889,9,57,53
Lost,G,Ban,UK,61,0.89,13,62,100
Won,P,Con,UK,53,1.083,9.3,46,73
Won,G,Def,Ame,50,1.072,7,36,62
Lost,Li,Oth,Oth,64,1.507,6.2,49,43
Lost,L,Ene,UK,42,1.563,8.1,66,54
Won,Li,Con,UK,46,-0.152,12.5,39,50
Lost,Li,Cap,Oth,47,1.284,7.6,55,53
Lost,L,Ene,UK,42,1.333,5.5,45,51
Won,G,Ban,Ame,43,0.589,8,45,63
Lost,Li,Con,UK,46,1.332,3.4,56,66
Lost,G,Cap,UK,48,1.582,3.9,57,42
Lost,Lo,Gov,UK,36,1.855,7.1,68,46
Lost,F,Cap,Oth,57,1.129,7.1,78,71
Lost,F,Cap,UK,60,0.493,8.5,66,78
Lost,G,OG,Oth,72,1.123,10.9,52,62
Lost,P,Sec,UK,76,0.617,10.9,50,61
Won,Li,Con,UK,46,1.05,11.2,45,56
Lost,C,Ban,UK,59,1.901,7.1,40,100
Lost,P,Sec,Ind,44,1.277,10.8,56,62
Lost,P,Ene,UK,34,1.299,13.3,62,69
Won,G,Ins,UK,58,0.089,9.3,61,53
Lost,L,Ban,Afr,45,1.199,8.6,53,67
Won,G,Oth,Ame,38,0.34,8.8,52,61
Won,G,Sec,UK,32,0.497,9.3,34,70
Lost,G,Tel,Spa,66,0.672,6.9,51,49
Lost,P,Con,UK,53,2.306,8.9,58,40
Won,G,Cap,Oth,41,0.894,7,48,29
Won,Li,Con,UK,46,1.018,8.4,45,100
Won,F,Con,UK,54,0.755,8.1,31,73
Lost,F,Con,UK,54,1.711,9.4,44,58
Won,G,Def,Oth,30,0.143,6.4,54,54
Won,Li,Oth,Oth,64,0.046,4.6,66,70
Won,G,Ins,UK,58,0.62,10.3,40,55
Lost,L,Ban,Afr,45,1.75,7.4,60,100
Won,G,Ban,Afr,52,0.947,8.5,47,65
Lost,L,Def,UK,51,1.15,9.3,55,55
Won,P,Con,UK,53,0.528,11,58,62
Lost,G,Air,UK,56,1.517,8.3,57,49
Won,G,Oth,UK,49,0.331,7.1,62,63
Won,G,Oth,UK,49,0.671,8.3,43,49
Won,G,Ban,UK,61,0.485,4.7,50,64
Lost,L,Ban,Afr,45,1.093,10,64,35
Won,L,Cap,UK,40,0.99,9.7,38,77
Won,G,Ins,UK,58,0.436,9.1,35,46
Won,Lo,Mob,UK,35,1.08,7.3,34,61
Lost,G,Cap,UK,48,1.135,7.6,51,61
Won,L,Ene,UK,42,1.11,8.5,39,40
Lost,L,Def,UK,51,0.647,9,73,48
Lost,G,Ins,UK,58,1.031,5.8,44,49
Lost,G,Air,UK,56,1.379,6.3,53,57
Lost,G,Oth,UK,49,1.218,6.3,58,69
Won,G,Air,UK,56,0.713,10.9,52,55
Lost,G,Def,Ame,50,1.768,10,45,62
Won,Li,Cap,Oth,47,0.769,11.1,24,35
Lost,P,Inf,UK,37,1.863,8.3,55,46
Lost,L,Ene,UK,42,1.111,11.1,52,57
Lost,F,Cap,Oth,57,1.129,10.5,43,47
Won,L,Ban,Afr,45,0.246,6.1,69,67
Won,L,Cap,UK,40,0.646,7.4,43,57
Won,P,Con,UK,53,0.847,11.3,35,70
Won,L,Ene,UK,42,0.893,9.9,37,67
Won,G,Oth,UK,49,-0.073,2.4,58,67
Lost,G,Ban,Afr,52,1.426,8.6,43,59
Won,P,Sec,Ind,44,0.461,14.2,54,55
Won,G,Ins,UK,58,0.652,10.4,38,59
Lost,G,Ins,UK,58,1.739,5.9,42,57
Lost,P,Con,UK,53,1.337,7,50,66
Lost,G,Ban,Sin,65,0.851,7.7,52,68
Won,G,Ban,UK,61,0.316,5.4,56,62
Lost,G,Cap,Oth,41,1.297,7.3,49,57
Lost,G,Hea,UK,67,0.953,7.6,55,67
Lost,Li,Cap,Oth,47,1.56,9.3,50,56
Lost,G,Def,Ame,50,1.503,7.3,61,70
Lost,G,Ins,UK,58,0.556,7.7,64,69
Lost,G,Air,UK,56,0.795,6,68,63
Won,G,Ban,Afr,52,0.754,11.1,46,60
Lost,P,Sec,Ind,44,1.426,5.3,52,50
Lost,F,Con,UK,54,1.696,9.4,67,56
Lost,F,Cap,Oth,57,1.56,6.9,42,56
Lost,Li,Con,UK,46,1.281,8.1,55,52
Lost,G,Tel,Spa,66,1.306,10.6,49,68
Won,G,Oth,Afr,39,1.313,8.6,46,58
Lost,F,Inf,UK,62,2.112,8,37,70
Lost,G,Ban,UK,61,1.602,7.8,62,56
Lost,G,Def,Ame,50,0.972,8.2,62,54
Lost,G,Oth,Ame,38,1.955,7.7,50,61
Won,Lo,Mob,UK,35,0.897,10.6,57,67
Won,G,Def,Afr,25,-0.101,7.3,54,45
Lost,Lo,Gov,UK,36,1.346,10.2,57,44
Lost,Li,Oth,Oth,64,1.671,8.3,52,54
Lost,G,Ban,Sin,65,0.53,5.4,64,62
Won,P,Sec,Ind,44,0.853,6.8,54,55
Won,G,Cap,UK,48,0.058,5.2,46,100
Won,Li,Cap,Oth,47,1.099,6.9,37,72
Lost,F,Con,UK,54,0.617,8.6,61,67
Won,F,Cap,Oth,57,0.33,8.3,49,55
Lost,L,Def,UK,51,1.716,8,50,66
Won,G,Def,Jap,63,0.419,11,57,63
Won,G,Def,Oth,30,0.234,7.3,44,67
Lost,G,Def,Ame,50,1.017,10.1,59,66
Lost,G,Cap,Oth,41,1.127,5.6,52,56
Lost,G,Ban,UK,61,1.01,10.2,54,37
Lost,C,Ban,UK,59,1.217,10.2,45,70
Lost,F,Cap,Oth,57,2.112,11,45,49
Won,P,Sec,Ind,44,0.175,7.2,72,57
Won,F,Cap,Oth,57,0.271,5.8,62,50
Won,P,Inf,UK,37,0.531,9.5,54,44
Lost,G,Cap,UK,48,1.58,7.2,47,64
Won,G,Def,Ame,50,1.096,9.3,42,63
Won,G,Oth,Afr,39,0.688,10.5,63,67
Won,G,Tel,Spa,66,0.548,7.8,55,65
Lost,P,Con,UK,53,1.63,8.2,48,100
Lost,G,Def,Jap,63,1.144,10.4,48,58
Lost,Li,Oth,Oth,64,1.56,5.8,45,62
Lost,G,Ban,Afr,52,1.258,5.7,53,56
Won,Lo,Gov,UK,36,0.821,8.5,61,76
Lost,G,Ban,Ame,43,0.876,6.4,65,43
Lost,Li,Oth,Oth,64,1.388,7.7,29,45
Won,P,Def,Ame,22,1.415,4.6,49,100
Lost,P,Con,UK,53,1.047,6.7,41,40
Won,L,Ban,Afr,45,0.036,9.7,27,53
Lost,F,Cap,Oth,57,0.818,6.3,61,55
Won,Lo,Mob,UK,35,0.443,7.7,31,58
Won,Li,Con,UK,46,0.916,11.6,43,45
Won,Li,Cap,Oth,47,0.758,10.3,44,69
Lost,F,Cap,UK,60,1.45,4.2,43,66
Won,L,Ene,UK,42,0.804,6.7,47,47
Won,G,Ins,UK,58,0.032,8.5,59,64
Lost,P,Sec,Ind,44,1.262,10.7,56,59
Lost,P,Con,UK,53,0.991,8.2,61,42
Won,Li,Con,UK,46,0.685,9.9,47,66
Won,Li,Con,UK,46,0.331,9.7,66,48
Won,L,Cap,UK,40,1.329,8.8,49,100
Lost,F,Inf,UK,62,0.776,9.6,58,67
Won,G,Ban,Ame,43,0.95,7.2,45,56
Won,G,Air,UK,56,1.285,6.4,33,54
Won,Li,Def,UK,20,0.903,8.6,46,56
Won,P,Inf,UK,37,1.542,8.2,35,63
Lost,Li,Con,UK,46,1.637,8.4,51,53
Lost,G,Ban,Ame,43,1.389,10.3,50,54
Lost,G,Oth,UK,49,1.409,9.2,44,55
Lost,L,Cap,UK,40,1.439,9.6,47,49
Lost,L,Cli,UK,78,1.202,6.3,41,60
Won,L,Ban,Afr,45,0.721,6.3,56,100
Lost,G,Cap,UK,48,2.112,7,50,50
Lost,G,Oth,UK,49,1.9,11.8,60,55
Lost,F,Con,UK,54,1.578,4.9,56,60
Lost,G,Ban,Afr,52,1.198,4.6,55,100
Won,Lo,Gov,UK,36,0.085,11,47,67
Lost,L,Def,UK,51,1.814,6.8,58,69
Won,F,Ins,UK,31,0.621,6,68,56
Lost,F,Con,UK,54,0.724,8,64,59
Lost,G,Oth,Oth,69,1.059,6.5,51,69
Won,G,Sec,UK,32,0.212,8.7,46,61
Lost,G,Ban,Sin,65,1.637,8.6,68,68
Lost,F,Con,UK,54,0.907,10.7,58,57
Won,G,Def,Ame,50,0.54,10.1,49,62
Lost,P,Sec,Ind,44,1.43,7.5,47,65
Won,G,Def,Ame,50,0.636,9.1,30,74
Lost,P,Ene,UK,34,1.514,7.5,59,59
Won,Lo,Gov,UK,36,1.047,9,60,73
Won,L,Ene,UK,42,0.87,10.9,52,57
Won,Lo,Mob,UK,35,0.977,6.2,42,74
Lost,F,Con,UK,54,0.428,10.3,70,62
Won,Li,Con,UK,46,0.789,5.5,43,62
Won,L,Cap,UK,40,1.203,7.7,49,100
Lost,G,Sec,Sin,73,0.823,7,47,64
Won,G,Ban,Ame,43,0.699,8,40,63
Lost,G,Oth,UK,49,1.081,10.7,54,68
Won,G,Air,UK,56,0.964,7.6,50,72
Lost,G,Air,UK,56,1.712,11.4,65,54
Lost,G,Air,UK,56,0.702,10,56,53
Lost,L,Ban,Afr,45,0.908,8.6,66,60
Won,Li,Con,UK,46,0.705,8.4,38,67
Won,G,Cap,UK,48,1.104,10.6,44,67
Lost,L,Cap,UK,40,1.107,9.6,64,38
Won,G,Cap,Oth,41,0.57,6.4,42,59
Won,F,Cap,Oth,57,1.147,7.2,36,55
Won,G,Ban,Sin,65,0.787,7.9,38,61
Won,G,Oth,Afr,39,1.059,5.5,52,65
Lost,G,Ban,UK,61,1.715,10.7,60,53
Won,Li,Cap,UK,27,0.666,4.5,67,68
Lost,F,Cap,Oth,57,1.435,8.3,57,57
Lost,G,Cap,Oth,41,1.877,7.4,67,45
Lost,P,Inf,UK,37,1.628,10.4,42,58
Lost,G,Def,Jap,63,1.868,7.4,38,57
Won,L,Def,UK,51,0.517,7.3,66,60
Won,G,Ins,UK,58,0.482,9.2,37,58
Won,Li,Cap,UK,27,0.338,14,57,60
Lost,G,Ban,Afr,52,1.522,5.2,54,58
Lost,F,Con,UK,54,1.709,5.2,62,53
Lost,G,Air,UK,56,1.521,10.2,46,64
Won,G,Cap,UK,48,1.114,7.4,42,56
Won,P,Con,UK,53,0.817,10.4,47,75
Won,G,Oth,Oth,69,0.088,3.2,58,54
Won,G,Fin,UK,55,1.276,5.3,28,64
Won,P,OG,Jap,33,0.65,12.3,54,53
Won,G,Fin,UK,55,0.905,3.9,40,100
Lost,G,Cap,Oth,41,1.308,9.5,65,55
Won,G,Oth,Afr,39,0.86,6.1,46,50
Won,G,Def,Afr,25,1.329,10.3,39,59
Won,C,Ban,UK,59,0.92,11.9,43,68
Won,L,Ban,Afr,45,1.388,6.8,31,50
Lost,G,Def,Jap,63,1.029,8.2,70,49
Won,G,Ban,Afr,52,0.701,8.7,30,59
Won,Li,Cap,Oth,47,1.212,8.7,39,73
Lost,L,Ene,UK,42,1.955,6.6,54,47
Won,G,Ban,Ame,43,0.364,9.5,44,49
Lost,L,Ban,Afr,45,0.864,7.6,59,48
Lost,P,Ene,UK,34,1.146,5.1,70,55
Won,F,Cap,Oth,57,0.553,12.2,46,66
Lost,G,Sec,Sin,73,1.03,12.6,67,59
Won,P,Sec,Ame,68,0.277,5.9,48,77
Lost,P,Cli,UK,70,1.307,9.2,58,100
Won,P,Sec,Ind,44,0.659,9.2,39,58
Lost,Li,Oth,Oth,64,1.667,8.9,36,57
Lost,G,Ban,Ame,43,1.344,6.2,62,71
Won,Li,Cap,Oth,47,0.976,4.9,40,61
Lost,G,Fin,UK,55,1.212,8.3,51,76
Won,Li,Con,UK,46,0.773,7.5,53,62
Lost,G,Oth,Oth,69,0.579,10.5,72,68
Lost,P,Mob,Can,29,1.669,9.3,61,74
Won,G,Oth,Oth,69,0.781,4.1,39,56
Lost,P,Mob,Can,29,1.636,7.3,49,56
Won,F,Oth,Oth,18,1.757,7,38,51
Won,F,Ins,UK,31,0.377,9.2,57,63
Won,L,Def,UK,51,0.447,8.8,55,37
Lost,F,Inf,UK,62,1.743,8.1,60,63
Lost,P,Sec,Ind,44,1.955,9,49,63
Won,G,Oth,UK,49,0.39,9.5,34,45
Won,G,Cap,Oth,41,0.955,7.9,27,59
Won,G,Cap,UK,48,0.397,6.7,56,56
Lost,P,Sec,Ind,44,1.257,8.4,65,63
Won,G,Fin,UK,55,0.368,6.8,45,70
Lost,Li,Cap,UK,27,1.615,7.9,55,55
Won,G,Def,Oth,30,1.145,6.3,62,72
Lost,G,Cap,Oth,41,1.066,11,58,57
Won,L,Ene,UK,42,0.616,5.1,44,63
Lost,G,Cap,UK,48,1.281,9.1,49,54
Won,L,Ene,UK,42,0.291,6.8,45,51
Lost,F,Con,UK,54,1.01,6.2,50,56
Won,G,Cap,Oth,41,1.094,6.8,55,74
Won,L,Ban,Afr,45,0.742,8.2,31,66
Won,G,Ban,Afr,52,0.919,5.2,48,71
Lost,F,Cap,Oth,57,0.787,6.2,59,58
Lost,G,Oth,UK,49,2.112,9.6,45,48
Won,G,Ban,Ame,43,-0.198,4.8,40,62
Won,G,Def,Ame,50,1.254,6.6,37,64
Won,G,Agr,Oth,26,1.046,9.7,36,61
Won,G,Fin,UK,55,1.382,9.8,25,69
Won,G,Cap,UK,48,-0.158,5.8,58,59
Won,G,Cap,UK,48,1.172,8.7,46,56
Lost,G,Def,Ame,50,1.048,5.7,48,52
Lost,G,Ban,Ame,43,1.131,10.1,57,64
Lost,G,Def,Ame,50,1.016,7.4,51,56
Won,G,Oth,Afr,39,1.117,11,42,59
Won,L,Cap,UK,40,0.604,7.7,57,56
Lost,L,Cap,UK,40,1.593,6.7,57,60
Won,L,Cap,UK,40,0.267,6.1,59,47
Won,G,Cap,UK,48,0.434,6.8,47,58
Lost,C,Ban,UK,59,1.309,8.1,45,36
Lost,G,Ban,Afr,52,1.383,9.1,43,63
Won,G,Ban,Ame,43,0.613,7.2,62,59
Won,P,Sec,Ame,68,0.678,10.4,31,65
Won,F,Ins,UK,31,0.459,6.1,57,65
Lost,G,Oth,Oth,69,0.906,10.8,58,54
Won,G,Def,Oth,30,1.374,10.4,50,100
Lost,F,Cap,Oth,57,0.901,8.2,55,61
Lost,F,Inf,UK,62,0.402,4.8,70,61
Won,F,Ins,UK,31,1.413,12.5,48,51
Lost,G,Tel,Spa,66,1.114,4.3,58,67
Won,G,Cap,Oth,41,1.288,7.7,43,61
Won,G,Def,Ame,50,0.301,3.9,53,53
Lost,L,Ins,UK,74,1.225,8.3,50,66
Lost,G,Ban,Afr,52,2.306,5.9,39,54
Won,G,Ban,Sin,65,0.23,11,59,61
Won,L,Ene,UK,42,1.203,9.1,46,69
Lost,P,Con,UK,53,0.624,8.7,58,56
Lost,Lo,Cli,UK,79,1.308,7.8,36,53
Won,P,Con,UK,53,0.996,10.3,47,77
Lost,F,Inf,UK,62,0.781,8.1,56,66
Won,G,Def,Ame,50,0.846,7.6,43,54
Won,L,Def,UK,51,0.846,6.3,49,59
Lost,L,Ene,UK,42,0.75,9,63,47
Won,L,Ene,UK,42,0.834,7.6,43,56
Lost,P,Sec,Ind,44,1.329,6.9,60,51
Lost,G,Ban,Sin,65,0.84,6.9,56,75
Won,G,Air,UK,56,0.691,8.1,39,66
Won,G,Air,UK,56,0.922,7,38,65
Lost,G,Cap,Oth,41,1.582,9.3,51,52
Won,G,Cap,Oth,41,0.807,8.5,34,50
Lost,G,Ban,Ame,43,1.315,5,45,47
Won,Li,Cap,UK,27,1.438,6.8,40,77
Lost,Li,Cap,Oth,47,0.932,8.1,68,56
Won,G,Ban,Ame,43,0.583,9.8,59,65
Won,G,Oth,Afr,39,0.428,7.3,56,73
Lost,Li,Oth,Oth,64,0.312,7.6,63,68
Lost,G,Ins,UK,58,1.539,6.4,58,65
Won,P,Inf,UK,37,0.576,9.8,48,57
Lost,Li,Cap,UK,27,1.922,7.4,63,41
Lost,G,Air,UK,56,1.09,7.1,54,58
Won,C,Ban,UK,59,0.376,9,48,52
Lost,Li,Cap,Oth,47,1.635,4.8,54,64
Won,F,Cap,Oth,57,0.468,4.5,44,60
Lost,P,Con,UK,53,1.165,4.3,49,60
Won,G,Def,Ame,50,0.833,8.8,43,59
Won,G,Cap,UK,48,0.447,5.9,56,51
Lost,G,Cap,Oth,41,1.491,8.4,47,71
Lost,G,Ban,Sin,65,1.842,8.8,65,51
Lost,Li,Con,UK,46,1.462,13.1,47,61
Won,F,Cap,Oth,57,0.259,10.6,57,73
Lost,P,Con,UK,53,0.721,10.3,61,48
Won,G,Sec,UK,32,0.802,8.2,60,47
Lost,L,Ene,UK,42,1.738,5.8,37,51
Won,P,Ene,UK,34,-0.561,7.7,38,77
Won,G,Ban,Ame,43,1.225,6.6,47,64
Lost,G,Sec,Sin,73,0.523,5.1,51,57
Won,G,Cap,Oth,41,0.544,5.7,40,75
Won,P,Ene,UK,34,0.189,7.7,33,79
Lost,G,Oth,UK,49,1.792,7.1,66,42
Lost,P,Sec,Ind,44,1.225,7.8,56,61
Won,P,Con,UK,53,0.972,6.8,46,59
Lost,F,Cap,UK,60,1.565,8.8,46,68
Lost,G,Oth,Afr,39,2.112,8.1,61,73
Won,L,Ban,Afr,45,0.811,6.8,60,66
Lost,G,Ins,UK,58,1.716,10.5,55,47
Won,Lo,Mob,UK,35,0.587,7.2,58,54
Won,Lo,Mob,UK,35,0.655,7.1,65,40
Won,Li,Con,UK,46,0.948,10.7,36,62
Lost,G,Def,Ame,50,0.966,5.9,56,49
Won,P,Sec,Ind,44,0.977,10.7,50,67
Won,G,Oth,Ame,38,0.368,8.2,56,68
Won,L,Cap,UK,40,0.471,11.4,34,49
Lost,G,Air,UK,56,1.438,9,61,49
Won,P,OG,Jap,33,0.531,8.9,41,37
Won,G,Ban,Afr,52,0.636,6.6,51,54
Won,F,Cap,Oth,57,0.141,6.9,44,50
Lost,G,Tel,Spa,66,1.84,6.6,51,63
Lost,L,Cap,UK,40,1.39,9.8,53,26
Won,G,Fin,UK,55,0.705,6.7,54,60
Won,L,Ene,UK,42,1.052,7,47,61
Won,G,Oth,Afr,39,0.79,6.5,52,66
Lost,L,Ban,Afr,45,1.216,10.3,60,57
Lost,L,Def,UK,51,1.015,12.7,67,58
Won,P,Con,UK,53,0.778,7.8,35,75
Won,Li,Con,UK,46,1.225,12.6,34,70
Lost,F,Cap,Oth,57,1.456,6.5,50,45
Won,G,Ban,Ame,43,-0.055,9.9,51,49
Won,L,Def,UK,51,0.779,8.5,48,71
Won,G,Sec,UK,32,0.509,7,74,61
Won,G,Ban,Sin,65,0.511,10.4,50,67
Lost,Li,Cap,Oth,47,1.201,2.4,54,58
Lost,P,Sec,Ind,44,0.61,11.2,69,39
Lost,F,Cap,Oth,57,1.882,5.7,56,72
Lost,Lo,Gov,UK,36,1.767,10.4,46,68
Won,F,Cap,Oth,57,0.815,6,51,59
Won,G,Ban,Ame,43,0.787,10.4,50,55
Lost,F,Cap,Oth,57,1.367,7.9,42,56
Won,L,Ene,UK,42,0.52,8.9,61,67
Lost,Li,Cap,Oth,47,1.259,5.9,54,56
Lost,G,Ins,UK,58,1.225,8,57,100
Lost,G,Oth,Oth,69,1.033,8.5,56,51
Lost,P,Ene,UK,34,1.673,6.3,45,58
Lost,G,Cap,UK,48,1.395,6.8,56,39
Lost,F,Con,UK,54,1.742,8.5,54,55
Lost,P,Con,UK,53,0.977,9.6,62,62
Lost,C,Ban,UK,59,1.225,8.1,77,51
Won,F,Cap,Oth,57,0.476,6.9,50,58
Won,F,Cap,Oth,57,0.897,8.1,39,51
Won,L,Cap,UK,40,0.692,5.5,50,55
Lost,G,Def,Ame,50,1.335,8.4,43,50
Won,L,Def,UK,51,0.803,10.4,41,79
Lost,G,Tel,Spa,66,0.521,7.3,65,47
Lost,Li,Con,UK,46,1.924,8.1,60,61
Won,F,Cap,Oth,57,0.576,7.7,34,46
Won,Li,Oth,Oth,64,0.054,10.2,53,60
Lost,P,Sec,Ind,44,1.401,5.3,52,54
Won,L,Def,UK,51,0.431,10,37,74
Lost,G,Ban,Ame,43,1.196,6,53,62
Lost,L,Cli,UK,78,1.646,8.1,50,43
Lost,G,Def,Ame,50,1.289,7.4,52,54
Won,L,Def,UK,51,1.06,6.8,43,64
Lost,F,Cap,UK,60,1.225,7.2,43,57
Won,G,Oth,Ame,38,0.402,7.6,60,44
Lost,G,Def,Ame,50,1.225,9.3,61,66
Won,P,Con,UK,53,0.06,10.9,49,66
Lost,G,Air,UK,56,2.306,11.1,55,62
Won,G,Ban,Ame,43,0.611,7.9,62,48
Won,G,Oth,UK,49,0.366,6.6,49,52
Lost,G,Ban,Ame,43,1.201,6.1,64,60
Won,Li,Con,UK,46,1.068,9.1,47,54
Won,G,Oth,Ame,38,1.199,11.6,47,72
Won,Li,Cap,Oth,47,0.578,10.3,47,69
Lost,F,Inf,UK,62,1.273,5.4,48,55
Won,P,Sec,Ind,44,1.058,10.5,46,59
Lost,P,Con,UK,53,1.58,7.6,67,71
Lost,G,Ban,Sin,65,0.381,8.2,59,59
Won,Li,Cap,Oth,47,0.244,9.3,51,59
Lost,G,Def,Ame,50,0.801,8.8,56,59
Won,Li,Con,UK,46,0.759,7.6,53,68
Won,G,Oth,Ame,38,1.255,6.8,26,69
Lost,G,Ban,UK,61,1.383,12.3,50,55
Lost,G,Fin,UK,55,0.76,9.1,64,59
Lost,G,Ban,UK,61,1.501,11.1,63,75
Lost,Li,Oth,Oth,64,0.86,6.6,59,57
Lost,G,Cap,UK,48,0.773,9.1,56,42
Lost,G,Tel,Spa,66,1.376,9,62,68
Lost,L,Ban,Afr,45,1.177,6.4,50,57
Lost,P,Ene,UK,34,2.306,7.2,57,58
Lost,L,Def,UK,51,2.112,10.6,56,67
Won,P,Mob,Can,29,0.234,6.9,45,61
Lost,F,Cap,UK,60,0.943,8,61,64
Won,P,Ene,UK,34,0.101,9.2,67,61
Lost,G,Ban,Afr,52,1.52,5.6,56,62
Lost,F,Inf,UK,62,1.238,8.8,62,64
Lost,C,Ban,UK,59,1.082,10.4,50,59
Won,G,Cap,Oth,41,0.977,6.4,55,61
Lost,G,Hea,UK,67,1.329,9.7,53,64
Lost,F,Con,UK,54,0.968,12.6,50,66
Won,L,Def,UK,51,-0.055,8.3,42,63
Won,G,Ban,Afr,52,0.507,9,53,64
Won,C,Ban,UK,59,1.166,6.7,39,66
Won,P,Ene,UK,34,0.949,8.8,66,70
Won,G,Ban,UK,61,0.98,9.5,36,62
Won,G,Oth,Ame,38,0.63,3.7,49,63
Lost,G,Ins,UK,58,1.603,6.9,48,65
Lost,G,Ban,Afr,52,1.923,10.8,59,60
Won,L,Def,UK,51,0.309,11,44,58
Lost,Lo,Cli,UK,79,1.194,5.1,51,79
Lost,F,Con,UK,54,0.836,7.8,55,63
Won,P,Sec,Ind,44,0.916,3.7,48,59
Lost,G,Ban,Sin,65,2.306,10.4,56,44
Lost,Li,Oth,Oth,64,1.427,10.9,45,48
Lost,Li,Oth,Oth,64,1.547,8.5,37,38
Won,G,Def,Ame,50,0.431,7.7,51,53
Lost,G,Air,UK,56,1.186,7.7,66,73
Won,G,Fin,UK,55,0.201,10.6,60,65
Lost,G,Def,Ame,50,0.991,8.5,61,45
Won,P,Con,UK,53,1.462,6.7,28,67
Lost,P,Sec,Ind,44,2.306,4.6,51,63
Lost,F,Con,UK,54,0.981,7.3,57,72
Lost,G,Cap,Oth,41,1.415,9.2,54,53
Lost,Li,Oth,Oth,64,1.086,6.2,43,54
Lost,P,Sec,Ind,44,1.034,6.6,70,60
Won,Li,Con,UK,46,0.715,4,42,72
Lost,G,Hea,UK,67,1.433,9.3,33,65
Lost,L,Ene,UK,42,1.749,8.2,58,68
Won,G,Sec,UK,32,0.297,9.8,56,55
Won,L,Ban,Afr,45,0.627,6,62,45
Won,P,Con,UK,53,0.566,8.9,50,66
Lost,G,Oth,UK,49,1.079,11.6,52,63
Won,F,Cap,Oth,57,0.08,13.3,51,56
Lost,F,Cap,Oth,57,2.112,8.6,57,61
Won,G,Oth,UK,49,0.004,5,67,70
Won,G,Oth,Afr,39,0.776,8.9,60,56
Won,G,Cli,UK,23,0.727,11.6,49,53
Won,G,Air,UK,56,0.654,5.2,41,79
Won,L,Ene,UK,42,1.201,4.1,59,100
Lost,Lo,Mob,UK,35,2.112,9.5,61,67
Won,Lo,Cli,UK,79,0.188,11.5,38,52
Lost,G,Ban,Afr,52,0.96,10,61,70
Lost,Li,Cap,Oth,47,1.342,10.9,64,68
Lost,G,Sec,UK,32,2.466,8.2,47,41
Won,Li,Cap,Oth,47,0.856,8.9,49,60
Won,G,Cap,UK,48,0.878,8.2,25,47
Won,G,Oth,UK,49,0.62,11,51,59
Lost,L,Ban,Afr,45,1.753,11.7,51,58
Won,F,Inf,UK,62,1.107,11.3,34,66
Won,G,Oth,Ame,38,0.086,8.7,60,60
Won,G,Ban,Afr,52,0.952,7.2,47,47
Won,Lo,Gov,UK,36,0.84,8.8,62,77
Won,P,Con,UK,53,1.348,9.5,37,74
Lost,G,Def,Ame,50,2.306,5.4,58,46
Lost,L,Ene,UK,42,1.154,5.9,67,41
Lost,G,Oth,Afr,39,1.394,7.3,53,48
Won,L,Ene,UK,42,0.63,8.3,36,42
Won,C,Ban,UK,59,0.834,7.1,56,100
Won,G,Def,Ame,50,1.083,7.3,55,100
Won,G,Cap,Oth,41,0.797,6.6,64,69
Won,G,Ins,UK,58,0.59,10,53,60
Lost,G,Cap,Oth,41,1.29,8.8,67,74
Won,P,Inf,UK,37,0.923,6.7,46,62
Lost,F,Inf,UK,62,1.447,7,59,60
Lost,Li,Oth,Oth,64,1.54,8.1,44,62
Lost,G,Cap,UK,48,1.692,6.7,46,74
Won,G,Oth,UK,49,0.967,10.6,47,59
Lost,G,Cap,UK,48,0.834,8.9,83,67
Lost,L,Def,UK,51,1.504,7.4,55,54
Won,L,Cap,UK,40,0.314,8.9,46,42
Won,L,Ban,Afr,45,0.924,9.5,52,100
Lost,L,Ban,Afr,45,1.188,8.6,43,40
Lost,G,Def,Jap,63,1.943,9.1,30,64
Lost,G,Ins,UK,58,0.715,6.7,73,58
Won,Lo,Gov,UK,36,0.803,8.8,43,69
Lost,F,Cap,Oth,57,1.417,6.9,38,51
Won,G,Cap,Oth,41,0.981,7.6,41,55
Won,L,Def,UK,51,1.532,6.8,21,33
Lost,G,Def,Ame,50,1.259,8.8,58,65
Won,F,Cap,Oth,57,0.689,11.7,45,45
Lost,G,Air,UK,56,1.664,9.1,40,61
Lost,F,Con,UK,54,1.121,8.8,59,55
Lost,F,Cap,Oth,57,0.628,5.9,69,58
Won,G,Oth,Ame,38,0.693,6.6,64,74
Lost,G,Ban,Sin,65,0.613,9.7,48,47
Won,P,Con,UK,53,0.797,9.6,52,61
Won,L,Def,UK,51,0.573,7.4,51,61
Won,F,Ins,UK,31,0.356,11.6,58,71
Lost,Li,Cap,Oth,47,1.011,9.9,53,44
Won,F,Con,UK,54,1.203,8.8,34,52
Lost,F,Cap,UK,60,1.431,6.7,47,54
Lost,F,Con,UK,54,2.306,5.4,49,41
Won,G,Air,UK,56,0.63,12.3,44,72
Won,F,Con,UK,54,0.762,9.1,38,53
Lost,G,Ban,Sin,65,0.848,5.1,56,59
Lost,Li,Cap,Oth,47,1.329,9.8,45,57
Lost,P,Cap,Ame,28,1.434,7.5,60,48
Won,P,Con,UK,53,0.695,5.3,35,51
Won,G,Ban,Ame,43,-0.009,7.2,34,71
Lost,G,Cap,Oth,41,0.886,8.8,73,72
Lost,G,Oth,Oth,69,0.684,8,72,56
Lost,G,Air,UK,56,1.61,7,39,56
Won,F,Con,UK,54,-0.27,9.5,54,62
Lost,C,Ban,UK,59,1.666,6.9,57,65
Won,F,Cap,Oth,57,0.039,11.3,40,54
Lost,F,Cap,Oth,57,1.131,4.5,43,52
Lost,Lo,Mob,UK,35,1.591,4.4,43,60
Lost,Li,Cap,Oth,47,0.816,5.2,60,45
Won,G,Ban,Afr,52,0.575,10,36,56
Lost,G,Def,Ame,50,1.027,7.8,63,56
Lost,Li,Cap,Oth,47,1.368,6,77,62
Lost,F,Cap,UK,60,0.551,9.8,63,42
Won,G,Air,UK,56,0.822,6.6,48,58
Lost,G,Def,Jap,63,0.928,7.4,54,27
Won,P,Cap,UK,71,0.491,9,44,60
Won,F,Cap,Oth,57,0.017,10.2,66,78
Won,L,Ban,Afr,45,0.561,7.3,61,60
Lost,F,Cap,UK,60,1.198,10.3,54,45
Lost,G,Def,Jap,63,1.55,10,64,60
Won,G,Def,Ame,50,1.014,9.2,33,60
Won,P,OG,Jap,33,1.811,8.6,31,45
Lost,G,Air,UK,56,1.258,6.4,47,41
Lost,G,Def,Jap,63,1.766,3.7,38,66
Won,L,Ene,UK,42,1.28,8.1,29,55
Won,Lo,Mob,UK,35,0.762,7.7,53,53
Lost,G,Cap,Oth,41,1.644,7.2,44,71
Lost,G,Ban,Sin,65,1.306,9,56,59
Lost,G,Ban,Afr,52,1.39,2.5,51,67
Won,G,Ban,Ame,43,0.754,7.4,45,53
Lost,L,Def,UK,51,1.085,8.2,60,54
Won,C,Ban,UK,59,0.878,8.4,42,60
Lost,G,Fin,UK,55,1.754,7.6,46,53
Won,P,Sec,Ind,44,0.725,4,50,59
Won,G,Oth,Ame,38,0.951,10.5,46,59
Lost,G,Sec,UK,32,1.032,7.7,75,62
Lost,Li,Cap,Oth,47,1.498,9,73,54
Won,G,Def,Ame,50,0.912,5.3,48,61
Lost,P,Con,UK,53,1.887,9.3,59,57
Won,F,Con,UK,54,1.046,5.6,45,70
Lost,G,Ban,Sin,65,0.889,8.6,53,57
Won,G,Ban,Ame,43,0.438,6.2,31,70
Won,L,Ban,Afr,45,0.956,12.4,41,57
Won,Li,Oth,Oth,64,0.472,6.3,42,48
Won,F,Cap,Oth,57,0.221,9.3,60,78
Lost,G,Ban,Afr,52,1.847,8.6,58,46
Lost,Li,Oth,Oth,64,1.805,4.4,53,72
Won,L,Ban,Afr,45,0.538,8.5,56,52
Lost,G,Def,Ame,50,1.688,6.3,60,66
Lost,G,Cap,UK,48,1.462,6.6,46,70
Won,Lo,Mob,UK,35,1.202,6.9,39,53
Lost,G,Air,UK,56,0.958,10.5,51,64
Won,G,Oth,UK,49,0.676,6.7,52,61
Won,G,Oth,Afr,39,0.91,8.4,52,57
Lost,G,Ins,UK,58,1.132,6.6,54,57
Won,G,Ban,Afr,52,1.201,11.1,41,100
Lost,G,Oth,Afr,39,1.261,6.6,67,54
Won,G,Def,Ame,50,0.905,8.6,46,59
Won,Lo,Mob,UK,35,1.458,5.4,44,71
Lost,G,Ban,Afr,52,1.174,6.6,50,73
Won,G,Fin,UK,55,0.093,4.6,56,54
Won,P,Ene,UK,34,0.772,6.1,45,74
Lost,F,Inf,UK,62,0.772,10.9,54,40
Lost,Li,Con,UK,46,1.955,6.1,57,51
Won,L,Ban,Afr,45,0.554,4.1,39,62
Lost,G,Ban,UK,61,1.068,10.8,62,65
Won,F,Con,UK,54,0.437,5.3,44,70
Won,F,Con,UK,54,0.468,8.3,56,59
Lost,G,Oth,UK,49,1.389,12,64,70
Lost,F,Con,UK,54,1.467,8.2,50,75
Lost,F,Cap,Oth,57,1.141,7.7,48,50
Won,G,Cap,Oth,41,0.16,8.9,51,25
Lost,P,Con,UK,53,0.695,6.9,58,60
Won,G,Cap,Oth,41,0.093,8.8,39,76
Won,L,Ban,Afr,45,1.047,9.9,50,56
Lost,Li,Cap,Oth,47,1.095,8.2,58,61
Lost,G,Def,Ame,50,1.242,9.8,44,45
Won,G,Oth,Ame,38,1.268,5.1,42,79
Lost,G,Air,UK,56,1.225,11.5,51,59
Lost,L,Ins,UK,74,1.244,7.8,50,39
Lost,L,Def,UK,51,1.568,6.1,52,68
Won,G,Fin,UK,55,0.145,8.6,41,62
Won,G,Air,UK,56,0.106,10.7,64,67
Lost,L,Ban,Afr,45,1.615,11.4,60,62
Won,P,Ene,UK,34,1.388,11.2,47,52
Lost,G,Air,UK,56,1.27,6.9,51,56
Lost,G,Ban,Sin,65,1.115,10,47,48
Lost,F,Inf,UK,62,1.411,7.3,40,49
Won,Lo,Gov,UK,36,-0.273,6.1,43,68
Won,P,Sec,Ind,44,0.351,7.5,18,53
Lost,F,Cap,Oth,57,1.556,6.4,56,54
Lost,G,Cap,UK,48,1.439,7.5,45,65
Lost,Lo,Gov,UK,36,1.189,11.6,60,34
Lost,G,Fin,UK,55,0.846,9.8,50,55
Lost,F,Cap,UK,60,0.827,7.3,57,74
Won,Li,Cap,Oth,47,0.908,8.3,49,60
Lost,G,Sec,Sin,73,1.029,8.9,58,64
Won,F,Cap,Oth,57,0.836,7.4,45,69
Lost,G,Cap,UK,48,1.256,7.7,48,45
Won,L,Ban,Afr,45,1.225,16.2,41,75
Won,Li,Con,UK,46,0.231,7.5,40,55
Lost,G,Cap,Oth,41,1.364,4.4,41,39
Won,L,Ene,UK,42,0.807,10,57,73
Lost,G,Ban,Afr,52,1.303,6.8,42,56
Lost,Lo,Gov,UK,36,1.849,7.5,80,66
Lost,G,Fin,UK,55,2.112,2.9,30,63
Won,G,Oth,UK,49,0.709,11.6,46,50
Lost,G,Fin,UK,55,1.355,9.9,48,71
Won,G,Def,Oth,30,1.077,8.4,49,62
Lost,G,Tel,Spa,66,1.027,6.5,53,39
Lost,P,Cli,UK,70,0.835,6.2,51,78
Lost,G,Def,Jap,63,1.792,7.2,51,55
Lost,G,Ban,UK,61,0.838,6.7,67,71
Lost,L,Ban,Afr,45,1.344,5.3,49,53
Lost,P,Inf,UK,37,0.89,8.8,64,47
Won,G,Ban,Afr,52,0.577,6.6,48,58
Won,G,Cap,Oth,41,0.869,5.9,43,53
Lost,L,Def,UK,51,1.372,6.9,59,57
Won,P,Con,UK,53,0.831,4.9,47,57
Won,P,Con,UK,53,0.872,6.6,43,48
Won,Li,Cap,Oth,47,1.152,6.2,44,67
Lost,Li,Cap,Oth,47,1.52,10.4,51,68
Lost,F,Cap,Oth,57,1.655,7.3,35,64
Lost,G,Ban,UK,61,0.669,6.7,75,56
Won,G,Def,Ame,50,0.424,8.8,61,60
Won,P,Con,UK,53,-0.021,8,41,41
Won,Li,Cap,Oth,47,1.055,7.5,31,68
Won,L,Def,UK,51,1.36,7,44,74
Lost,P,Ene,UK,34,1.213,8.9,71,65
Lost,F,Con,UK,54,1.22,7.5,51,63
Lost,G,Def,Ame,50,0.859,11.2,52,42
Lost,C,Ban,UK,59,1.225,7.2,54,63
Lost,G,Ban,UK,61,1.647,4.1,38,71
Lost,P,Sec,UK,76,0.807,6,40,58
Won,G,Oth,UK,49,0.661,7.1,51,50
Won,G,Cap,Oth,41,0.806,2.8,56,75
Won,F,Con,UK,54,0.258,10.4,50,61
Lost,G,Air,UK,56,1.079,6.8,54,62
Lost,L,Ban,Afr,45,1.458,7.7,51,50
Won,P,Sec,Ind,44,0.924,6.9,49,55
Lost,G,Air,UK,56,1.312,7.9,50,51
Won,G,Fin,UK,55,0.891,10.3,52,70
Won,G,Def,Ame,50,0.889,7.2,47,72
Won,G,Air,UK,56,0.527,9.5,37,60
Won,Li,Con,UK,46,0.137,7.6,46,46
Won,G,Ins,UK,58,0.402,7.6,54,54
Lost,F,Inf,UK,62,1.329,7.9,51,62
Lost,L,Ban,Afr,45,1.261,10.3,67,57
Lost,F,Cap,UK,60,1.883,8,50,65
Lost,G,Def,Ame,50,1.55,7.8,52,52
Won,G,Ban,Afr,52,0.726,10.4,49,55
Lost,G,Ban,UK,61,0.711,8.5,63,49
Lost,G,Ban,Afr,52,0.843,6.2,61,48
Lost,Li,Cap,Oth,47,1.696,8.5,54,55
Lost,P,Con,UK,53,1.297,4.2,36,51
Lost,G,Air,UK,56,1.471,8.9,57,44
Won,P,Cli,UK,70,0.202,8,55,51
Won,P,Sec,Ind,44,0.798,8.3,41,74
Won,G,Def,Jap,63,0.706,6.3,48,53
Lost,L,Def,UK,51,1.588,5.7,47,35
Won,Lo,Gov,UK,36,0.803,8.5,52,62
Won,G,Cap,Oth,41,0.708,6.1,50,59
Lost,P,Con,UK,53,1.277,8.3,56,49
Won,G,Def,Afr,25,1.271,9.4,48,56
Lost,G,Def,Ame,50,1.25,6.9,43,39
Lost,F,Con,UK,54,1.204,6.4,44,55
Won,L,Def,UK,51,0.889,11.3,49,54
Lost,L,Def,UK,51,1.609,5.5,62,100
Lost,G,Air,UK,56,1.371,3.5,53,48
Lost,G,Ban,UK,61,1.287,8.6,53,54
Won,G,Cap,Oth,41,0.645,9.6,44,54
Lost,F,Cap,Oth,57,1.647,5.8,50,69
Lost,F,Ins,UK,31,1.797,10.7,44,65
Lost,P,Sec,Ame,68,1.177,8.3,38,70
Lost,G,Oth,UK,49,1.036,9.1,78,68
Lost,G,Def,Jap,63,1.159,6,58,43
Won,G,Fin,UK,55,0.402,8.4,56,40
Lost,L,Cap,UK,40,1.072,4.4,58,56
Lost,L,Def,UK,51,1.196,8.9,50,44
Won,P,Inf,UK,37,0.996,10.5,46,66
Won,F,Cap,Oth,57,1.015,9.3,40,63
Won,G,Ban,Afr,52,0.708,9.2,54,70
Lost,G,Oth,UK,49,1.65,6.6,37,53
Lost,G,Ban,Sin,65,0.695,9.8,48,31
Lost,G,Cap,UK,48,1.445,9.1,54,60
Lost,G,Ban,Afr,52,1.388,5.3,44,55
Won,Li,Con,UK,46,0.648,8.5,43,70
Won,L,Cap,UK,40,1.177,7.9,45,58
Won,L,Ban,Afr,45,0.56,5.7,50,58
Won,P,Inf,UK,37,1.055,3.4,54,73
Lost,G,Fin,UK,55,1.329,9.4,41,43
Lost,Lo,Mob,UK,35,1.242,10.6,67,61
Lost,G,Air,UK,56,2.306,7.5,47,50
Lost,G,Def,Ame,50,1.329,8.2,46,68
Won,G,Cap,UK,48,0.423,3.7,45,56
Won,P,Cap,UK,71,0.5,6.7,44,60
Lost,F,Con,UK,54,1.076,6.2,55,66
Lost,L,Ban,Afr,45,1.209,8.7,60,63
Won,G,Oth,UK,49,0.352,8.6,51,43
Lost,G,Def,Ame,50,1.671,10.7,52,53
Lost,G,Ban,Afr,52,1.048,6.9,65,46
Lost,F,Con,UK,54,1.359,9.4,47,63
Won,G,Cap,UK,48,0.421,9.4,57,66
Lost,G,Ban,Afr,52,1.611,8,52,75
Won,F,Cap,UK,60,0.544,8.2,49,52
Lost,P,Con,UK,53,1.134,6,57,54
Won,F,Inf,UK,62,0.433,6.6,43,75
Lost,L,Con,UK,82,0.817,7.7,41,63
Won,P,Con,UK,53,0.08,6.2,52,61
Won,G,Ban,Afr,52,1.206,7.7,39,67
Lost,G,Air,UK,56,1.053,7,51,54
Lost,F,Inf,UK,62,1.733,5.5,48,60
Won,L,Def,UK,51,0.296,8,27,51
Won,Li,Con,UK,46,0.844,12.3,49,63
Lost,P,Ins,UK,75,1.031,10.2,42,55
Won,G,Oth,UK,49,1.033,6.6,27,73
Lost,F,Cap,Oth,57,1.688,5.2,28,48
Won,P,Sec,Ind,44,0.327,10,54,56
Lost,G,Ban,Afr,52,1.129,8.6,39,36
Won,C,Ban,UK,59,0.991,6.5,36,51
Won,G,Cap,Oth,41,0.611,4.1,47,50
Won,L,Ene,UK,42,0.909,8.2,47,64
Won,F,Con,UK,54,0.607,4.6,38,59
Lost,C,Ban,UK,59,1.505,8.1,43,66
Won,G,Ban,Ame,43,0.582,10.3,47,53
Won,G,Oth,UK,49,0.65,11.4,44,49
Won,P,Inf,UK,37,0.205,7.1,55,49
Won,L,Ban,Afr,45,0.574,7.6,57,62
Won,G,Def,Oth,30,0.066,7.2,46,31
Lost,L,Ene,UK,42,1.645,5,40,44
Lost,L,Ene,UK,42,1.413,7.4,62,58
Won,G,Ban,Sin,65,0.722,6.2,45,67
Won,G,Tel,Spa,66,0.471,6.3,36,100
Won,G,Oth,UK,49,0.498,3.6,39,52
Won,G,Air,UK,56,0.084,8.4,60,51
Won,G,Fin,UK,55,0.274,6.8,52,70
Lost,G,Air,UK,56,1.319,7.8,52,50
Won,G,Cap,UK,48,0.328,7.9,45,72
Lost,G,Fin,UK,55,1.24,7.3,60,60
Won,G,Def,Ame,50,0.941,9.8,47,51
Lost,G,Def,Jap,63,0.746,11.3,55,48
Lost,C,Ban,UK,59,0.858,9.4,62,65
Lost,G,Def,Jap,63,1.463,10,54,56
Won,G,Oth,Ame,38,1.177,6.6,53,70
Lost,G,Def,Ame,50,1.01,8,53,59
Lost,G,Air,UK,56,1.911,6.7,53,61
Lost,L,Cap,UK,40,0.984,4.9,68,61
Won,G,Oth,Oth,69,0.272,4.3,59,62
Won,G,Cap,Oth,41,0.233,6.9,58,61
Lost,G,Ins,UK,58,1.389,10.7,43,45
Lost,G,Oth,Oth,69,1.465,8.2,51,100
Lost,G,Def,Ame,50,1.238,8.4,52,46
Won,G,Ban,Ame,43,0.75,11.2,58,48
Won,G,Oth,UK,49,0.237,9.7,39,75
Won,P,Inf,UK,37,0.328,8,53,43
Won,P,Ene,UK,34,0.757,8.2,49,53
Lost,G,Oth,UK,49,0.857,9.4,53,54
Lost,P,Inf,UK,37,1.544,9.3,48,41
Won,G,Ban,Afr,52,1.068,10.8,52,100
Lost,P,Sec,Ame,68,0.975,11.2,73,73
Won,G,Ban,Afr,52,0.522,10,29,61
Won,Lo,Gov,UK,36,1.366,6.2,51,59
Lost,G,Def,Jap,63,1.849,5.7,43,66
Won,F,Cap,Oth,57,0.785,7.6,43,61
Lost,F,Cap,UK,60,1.01,12.9,49,69
Won,G,Oth,Ame,38,0.429,9.8,51,100
Lost,G,OG,Oth,72,0.881,11.2,53,74
Lost,G,Ban,UK,61,1.014,8,50,52
Lost,F,Fin,UK,77,1.502,5.2,41,43
Lost,P,Con,UK,53,1.265,5.8,58,61
Won,P,OG,Jap,33,0.579,6.6,58,59
Lost,G,Ban,Ame,43,1.334,4.8,49,40
Won,G,Oth,Oth,69,-0.162,7.9,53,58
Won,G,Oth,Ame,38,1.177,9.5,43,67
Won,G,Cap,Oth,41,0.833,10.2,50,54
Lost,G,Def,Ame,50,1.135,3.1,58,38
Lost,P,Sec,Ame,68,1.585,9.7,48,76
Lost,G,Oth,Ame,38,1.253,7.6,51,42
Lost,P,Cap,UK,71,1.191,8.6,53,64
Won,Li,Con,UK,46,0.399,9,52,48
Lost,G,Ban,Ame,43,1.829,4.9,28,54
Lost,P,Con,UK,53,0.958,6.1,61,59
Won,L,Ban,Afr,45,0.546,8,55,56
Lost,P,Cli,UK,70,1.53,9,54,44
Won,G,Oth,UK,49,0.46,8.8,41,65
Won,G,Ins,UK,58,0.527,9.5,52,52
Lost,Li,Cap,Oth,47,1.672,9.6,44,70
Lost,Li,Cap,Oth,47,1.564,8.1,53,65
Lost,G,OG,Oth,72,0.758,9.1,51,58
Lost,F,Con,UK,54,0.565,7.4,62,51
Won,G,Ins,UK,58,0.62,4.7,40,29
Lost,L,Cap,UK,40,1.656,13.5,43,72
Lost,G,Hea,UK,67,0.936,8.9,58,68
Lost,L,Ban,Afr,45,0.936,5.1,55,48
Won,P,OG,Jap,33,0.69,6.5,61,71
Lost,P,Ins,UK,75,1.249,9,47,63
Won,P,Inf,UK,37,0.712,6.4,41,50
Won,G,Cap,Oth,41,1.024,11.2,48,77
Won,Lo,Mob,UK,35,0.693,10.1,52,47
Won,G,Cap,Oth,41,0.01,5.8,51,59
Won,P,Sec,Ind,44,0.744,6.3,45,61
Won,G,Ban,Ame,43,0.542,8,54,70
Lost,Lo,Cli,UK,79,0.476,3.7,57,73
Won,F,Con,UK,54,0.423,6.4,50,56
Lost,G,Def,Jap,63,1.045,10.8,43,57
Won,L,Ene,UK,42,0.783,7.9,35,44
Lost,G,Ban,Afr,52,0.96,8.6,51,52
Lost,G,Oth,Oth,69,1.259,7.1,41,49
Lost,F,Inf,UK,62,1.317,7.9,72,66
Lost,P,Con,UK,53,1.506,9.2,37,70
Won,Lo,Gov,UK,36,1.187,9.2,39,73
Lost,P,Sec,Ind,44,1.595,8,49,68
Won,G,Sec,UK,32,1.387,8.2,45,58
Won,G,Def,Ame,50,1.329,9.9,36,77
Won,G,Def,Oth,30,0.944,11.6,58,54
Won,G,Air,UK,56,0.733,8.8,45,64
Lost,G,Hea,UK,67,0.67,8.4,63,53
Won,G,Cap,UK,48,0.757,9.7,37,55
Won,G,Oth,UK,49,0.873,9.7,51,73
Won,Li,Con,UK,46,-0.453,6.9,44,68
Won,L,Ene,UK,42,0.727,9,47,65
Lost,G,Fin,UK,55,1.124,10,66,62
Won,Li,Cap,Oth,47,0.893,8.3,54,62
Lost,Li,Oth,Oth,64,1.331,8.3,59,47
Won,L,Ban,Afr,45,1.126,11,32,66
Lost,G,Ban,Sin,65,0.987,6.7,62,56
Won,G,Ins,UK,58,0.861,12.3,45,47
Lost,G,Ban,Afr,52,0.704,8.5,62,60
Won,G,Air,UK,56,0.338,7.7,40,66
Won,F,Cap,UK,60,-0.098,6.7,63,52
Won,P,Sec,Ind,44,0.894,5.6,52,40
Won,G,Ins,UK,58,0.651,6.3,57,67
Lost,P,Sec,Ind,44,0.713,7.3,67,57
Lost,Li,Cap,Oth,47,0.423,10.3,71,50
Won,G,Fin,UK,55,0.626,4.9,48,60
Lost,Li,Cap,Oth,47,1.143,8.4,54,60
Won,F,Con,UK,54,-0.119,9,30,65
Won,G,Oth,Ame,38,1.049,6.4,44,53
Won,G,Oth,UK,49,0.712,8.6,58,72
Lost,G,OG,Oth,72,1.335,7.3,66,68
Lost,L,Ban,Afr,45,1.122,9.5,49,43
Won,G,Cap,UK,48,0.534,8.8,32,62
Lost,G,Tel,Spa,66,1.664,8.4,53,69
Won,Li,Cap,Oth,47,0.74,6.9,48,61
Lost,F,Cap,Oth,57,1.602,9.4,44,67
Lost,L,Ene,UK,42,1.418,6.9,45,50
Won,P,Ene,UK,34,0.447,7.9,64,58
Won,P,Sec,Ind,44,0.084,7.1,50,42
Won,Li,Cap,Oth,47,0.31,7.3,29,64
Lost,L,Def,UK,51,1.037,7.2,52,56
Won,P,Sec,Ame,68,0.467,7.7,52,55
Lost,G,Ban,Sin,65,0.868,10.7,53,70
Lost,P,Cap,UK,71,1.182,10.3,47,50
Lost,C,Ban,UK,59,1.121,6.7,59,51
Lost,P,Inf,UK,37,1.044,8.5,75,54
Won,G,Ban,Afr,52,0.438,8.7,43,43
Lost,G,Ban,Sin,65,1.451,10.7,36,67
Lost,G,Fin,UK,55,0.82,8,50,40
Lost,P,Con,UK,53,1.361,6.3,52,76
Won,G,Fin,UK,55,1.256,6.3,41,71
Won,G,Def,Ame,50,1.119,5.6,43,57
Lost,L,Ban,Afr,45,1.475,7.5,57,51
Lost,G,Hea,UK,67,1.21,6.1,55,62
Won,F,Con,UK,54,0.563,8.6,54,50
Lost,Lo,Mob,UK,35,1.585,7.8,62,56
Won,G,Oth,UK,49,0.169,7.8,53,51
Lost,P,Sec,Ind,44,2.112,12.1,42,71
Won,Li,Cap,Oth,47,0.968,9.3,43,44
Lost,L,Ene,UK,42,1.928,7.1,43,100
Won,G,Ins,UK,58,0.376,6.4,49,25
Lost,P,Con,UK,53,1.533,3.9,46,65
Lost,G,Ban,Afr,52,1.821,7.6,49,52
Won,P,Inf,UK,37,1.26,8.8,54,72
Won,G,Oth,Ame,38,0.524,9,41,61
Won,G,Sec,UK,32,0.866,6.9,49,69
Won,P,Con,UK,53,0.729,7.7,40,51
Won,G,Hea,UK,67,0.986,11,42,79
Won,F,Con,UK,54,0.825,8.9,45,76
Won,P,Sec,Ind,44,0.917,7.2,46,61
Lost,G,Oth,UK,49,1.643,6.4,51,45
Won,G,Def,Jap,63,0.371,6.1,54,66
Lost,F,Con,UK,54,1.277,10.2,49,46
Lost,Li,Cap,Oth,47,0.828,7.5,55,46
Lost,F,Cap,Oth,57,1.404,10.4,39,61
Won,L,Cap,UK,40,1.376,7.6,42,49
Won,L,Def,UK,51,1.095,10.1,41,55
Lost,L,Ban,Afr,45,1.259,6.9,64,40
Won,G,Def,Ame,50,0.522,13.5,21,63
Won,G,Cap,UK,48,0.942,6.4,47,65
Won,Lo,Mob,UK,35,1.159,6.1,44,54
Won,F,Ins,UK,31,0.685,8.5,49,51
Won,P,OG,Jap,33,1.426,3.4,43,42
Won,L,Ban,Afr,45,0.081,11.3,30,65
Won,P,Ene,UK,34,0.602,9.8,44,36
Won,G,Ban,Ame,43,0.683,6.3,53,49
Lost,G,Oth,UK,49,1.368,10.2,54,59
Won,G,OG,UK,19,0.854,9.9,68,57
Lost,P,Con,UK,53,0.851,11.2,61,73
Won,Li,Con,UK,46,0.317,9.3,42,53
Won,L,Cap,UK,40,1.093,10.9,47,72
Won,Li,Cap,Oth,47,0.604,7.3,39,54
Won,P,Con,UK,53,0.958,6.9,42,57
Won,P,Whi,Jap,21,0.73,10.2,33,68
Lost,F,Con,UK,54,1.505,6.9,51,73
Won,G,Fin,UK,55,0.767,8.1,32,73
Lost,G,Fin,UK,55,1.427,9.4,55,43
Won,Li,Con,UK,46,0.867,7.3,59,74
Won,C,Ban,UK,59,1.059,9.6,39,66
Won,Li,Cap,Oth,47,0.835,5.5,42,54
Lost,Lo,Gov,UK,36,1.81,6.3,44,44
Lost,L,Def,UK,51,1.456,8.5,58,56
Lost,L,Ban,Afr,45,1.14,6.1,54,55
Lost,Li,Cap,Oth,47,0.95,9.6,64,66
Lost,G,Def,Jap,63,1.651,6.7,53,66
Lost,G,Oth,Afr,39,1.746,10,45,61
Won,G,Cli,UK,23,1.191,10.1,54,100
Lost,G,Def,Ame,50,0.945,8,57,49
Won,G,Fin,UK,55,0.46,6.9,52,51
Lost,F,Con,UK,54,1.105,9.5,61,75
Lost,F,Cap,Oth,57,1.412,7.8,44,47
Lost,C,Ban,UK,59,2.112,9.4,71,63
Won,P,Ene,UK,34,0.004,8.2,48,68
Lost,L,Def,UK,51,1.508,8.2,45,42
Won,L,Def,UK,51,0.296,5.5,48,68
Won,G,Ins,UK,58,0.64,8.4,50,70
Won,P,Con,UK,53,0.582,5.1,54,44
Won,G,Cap,UK,48,0.679,9.7,51,58
Won,G,Cap,Oth,41,0.524,7.5,49,72
Won,Li,Cap,Oth,47,0.027,5.8,55,56
Lost,L,Def,UK,51,1.158,6.9,44,50
Lost,P,Sec,Ind,44,1.395,8.1,54,57
Lost,L,Ene,UK,42,1.121,7.4,58,46
Won,G,Cap,UK,48,0.849,7.6,46,58
Won,G,Ban,Afr,52,0.534,4,53,69
Won,G,Air,UK,56,0.76,8.8,54,74
Lost,Li,Oth,Oth,64,1.01,5.2,68,39
Lost,G,Def,Ame,50,1.642,10.2,34,61
Lost,F,Cap,Oth,57,2.306,10.8,44,45
Lost,G,Ins,UK,58,0.968,7.9,71,68
Lost,P,Cap,UK,71,1.267,8.1,42,62
Lost,P,Con,UK,53,0.98,5.8,59,72
Won,G,Ban,Ame,43,0.702,9.8,58,47
Won,G,Cap,UK,48,0.711,6.4,45,69
Lost,Li,Con,UK,46,1.476,4.1,44,66
Lost,F,Cap,Oth,57,1.335,6.2,50,59
Lost,F,Con,UK,54,1.181,8.6,45,68
Won,Li,Cap,Oth,47,0.87,10.9,38,63
Lost,G,Cap,Oth,41,1.578,9.2,61,52
Lost,F,Inf,UK,62,1.238,8.4,54,55
Lost,L,Def,UK,51,1.077,8.6,59,69
Won,F,Con,UK,54,0.779,10.4,41,100
Lost,P,Con,UK,53,1.213,9,53,57
Lost,G,Tel,Spa,66,1.062,10.3,43,53
Won,P,Con,UK,53,1.114,5.8,48,78
Lost,Li,Con,UK,46,1.304,8,47,50
Lost,G,Oth,UK,49,1.928,8.8,39,50
Lost,G,Ins,UK,58,1.075,8,49,73
Won,L,Def,UK,51,0.722,6,47,58
Lost,G,Air,UK,56,1.293,10.6,62,59
Won,G,Fin,UK,55,0.837,7.1,39,48
Lost,G,Fin,UK,55,0.956,9.1,61,67
Lost,G,Def,Jap,63,0.927,11.1,40,47
Won,G,Ban,Ame,43,0.931,9.3,37,62
Won,L,Cap,UK,40,0.819,9.1,45,60
Lost,P,Ins,UK,75,1.114,11.1,35,68
Won,G,Fin,UK,55,0.721,8.3,40,41
Lost,Lo,Gov,UK,36,1.581,9,56,27
Won,G,Ins,UK,58,-0.268,7.4,43,61
Lost,P,OG,Jap,33,1.363,9.9,57,68
Won,Li,Con,UK,46,0.841,7.7,52,56
Won,F,Cap,Oth,57,0.485,8.7,52,66
Lost,L,Cap,UK,40,1.519,8.3,66,60
Lost,P,Con,UK,53,0.9,4.6,56,48
Won,Lo,Gov,UK,36,1.563,5.2,45,65
Lost,Li,Con,UK,46,1.184,9,64,100
Lost,F,Cap,Oth,57,1.49,7.9,51,66
Won,F,Con,UK,54,0.768,8.6,47,67
Lost,G,Ban,Afr,52,1.534,10.4,40,60
Lost,P,Cli,UK,70,0.746,5.8,44,53
Lost,G,Hea,UK,67,0.462,8.4,50,43
Won,F,Con,UK,54,1.063,8.1,39,71
Lost,G,Ban,Sin,65,1.881,8.4,51,62
Lost,L,Def,UK,51,1.311,9.3,45,55
Won,G,Def,Jap,63,-0.127,7.5,62,45
Lost,G,Def,Jap,63,1.175,7.7,45,58
Lost,G,Air,UK,56,0.578,8.5,73,64
Won,P,OG,Jap,33,-0.097,3.7,28,59
Lost,G,Ban,Ame,43,1.696,7.7,49,56
Lost,Li,Oth,Oth,64,1.522,7.2,66,77
Lost,G,Oth,Ame,38,0.987,5.5,54,40
Won,G,Ban,Ame,43,0.892,7.2,32,35
Won,P,Inf,UK,37,1.076,11.1,44,44
Won,L,Ban,Afr,45,1.27,9.5,41,76
Lost,G,Ins,UK,58,1.299,7,52,59
Lost,G,Ban,Sin,65,1.162,10.3,52,71
Lost,G,Cap,Oth,41,1.494,7.9,41,47
Won,L,Ban,Afr,45,1.225,11,31,60
Won,P,Con,UK,53,0.501,7.9,65,62
Won,P,Sec,Ind,44,0.909,7.7,52,55
Won,L,Def,UK,51,0.222,8.5,51,72
Lost,L,Def,UK,51,1.192,10.1,61,54
Won,P,Ene,UK,34,0.487,9.2,65,59
Won,L,Ene,UK,42,1.027,7.3,29,57
Won,G,Ban,Ame,43,0.922,6.8,39,72
Lost,C,Ban,UK,59,1.044,8.1,55,75
Won,G,Ban,Afr,52,0.393,10,44,62
Won,F,Inf,UK,62,1.035,5.9,37,57
Won,F,Cap,Oth,57,0.743,8.6,50,54
Lost,Lo,Mob,UK,35,1.386,7.6,49,43
Lost,P,Cap,UK,71,1.651,9,47,59
Lost,P,Con,UK,53,1.544,7.5,48,71
Won,G,Fin,UK,55,0.514,7.6,54,64
Won,G,Def,Ame,50,0.11,9.8,59,68
Won,L,Ban,Afr,45,0.324,11.2,39,66
Lost,G,Cap,UK,48,1.402,7.1,46,63
Won,Li,Con,UK,46,0.659,7.5,53,62
Won,Lo,Mob,UK,35,0.57,6.8,38,100
Lost,G,Fin,UK,55,2.112,5.3,62,50
Won,G,Def,Ame,50,0.471,12,44,63
Won,P,OG,Jap,33,0.767,8.7,37,54
Won,G,Oth,UK,49,0.752,9.1,60,65
Lost,G,Ban,Ame,43,1.703,9.6,46,60
Lost,P,Con,UK,53,1.439,6.5,53,56
Won,G,Def,Afr,25,0.988,7.3,58,66
Lost,Li,Con,UK,46,1.55,5.8,49,69
Lost,Li,Con,UK,46,1.561,11.5,51,65
Won,G,Ban,Afr,52,1.046,6.7,43,57
Won,G,Ban,UK,61,0.421,11.3,55,49
Won,G,Cap,UK,48,0.475,11,42,56
Won,L,Def,UK,51,0.981,2.9,35,30
Won,G,Oth,UK,49,0.87,7.6,38,75
Lost,C,Ban,UK,59,1.575,8.7,46,57
Lost,Li,Con,UK,46,1.114,5.7,54,54
Won,G,Fin,UK,55,0.965,6.1,50,64
Won,L,Cap,UK,40,0.326,7.1,31,50
Won,P,Inf,UK,37,0.854,10.3,52,53
Lost,P,Ins,UK,75,1.249,9,46,50
Lost,L,Ban,Afr,45,1.45,8,61,29
Lost,G,Oth,Ame,38,1.2,8.1,66,73
Won,L,Ban,Afr,45,0.379,7.4,50,68
Lost,Li,Cap,Oth,47,0.908,7.3,68,70
Won,Lo,Gov,UK,36,0.342,11.3,50,59
Won,P,Ene,UK,34,0.58,11,40,65
Lost,G,Ins,UK,58,1.309,9.4,61,55
Lost,F,Cap,Oth,57,1.904,8.1,45,71
Lost,P,Mob,Can,29,1.888,5.5,46,50
Lost,G,Def,Ame,50,1.816,6.4,61,43
Won,G,Cap,Oth,41,1.031,7.3,44,66
Lost,G,Fin,UK,55,0.941,8.6,57,61
Won,G,Cap,UK,48,1.155,9.2,48,66
Won,L,Ban,Afr,45,0.501,6.2,46,49
Won,G,Def,Ame,50,0.72,7.6,43,60
Won,P,Con,UK,53,0.634,8.3,49,53
Won,L,Ban,Afr,45,0.528,7.8,38,45
Lost,Li,Con,UK,46,1.48,6.5,43,51
Won,G,Fin,UK,55,0.834,10.4,56,70
Lost,P,Sec,Ind,44,1.01,7.7,54,60
Lost,L,Cap,UK,40,1.747,6.5,56,61
Lost,L,Def,UK,51,1.635,8.6,41,79
Lost,L,Ene,UK,42,1.338,9.5,47,51
Lost,G,Def,Ame,50,1.46,7.6,58,50
Lost,L,Def,UK,51,1.66,11.4,46,72
Lost,L,Def,UK,51,1.164,8.8,59,47
Won,G,Cap,UK,48,0.247,5,49,58
Lost,P,OG,Jap,33,0.948,8.1,66,55
Lost,L,Def,UK,51,0.928,12.6,50,48
Lost,F,Con,UK,54,1.316,7.4,59,70
Won,F,Ins,UK,31,0.531,6.7,46,100
Won,G,Agr,Oth,26,0.009,7.8,63,68
Won,Li,Con,UK,46,0.476,7.6,68,68
Won,L,Def,UK,51,0.688,9.6,57,72
Won,G,Cap,UK,48,0.656,6,50,75
Won,Li,Cap,Oth,47,0.447,6.2,64,54
Lost,P,Sec,Ind,44,2.459,4.8,63,58
Lost,G,Cap,UK,48,1.471,9.9,63,49
Won,G,Def,Ame,50,0.799,6.4,55,66
Lost,F,Cap,Oth,57,0.896,8.1,70,100
Won,P,Whi,Jap,21,1.247,10.4,45,63
Won,L,Ene,UK,42,0.473,8.3,51,58
Won,G,Oth,Ame,38,1.538,8.9,37,56
Won,G,Oth,UK,49,0.939,7.1,50,68
Lost,G,Oth,Ame,38,1.311,9.4,56,44
Won,L,Def,UK,51,0.953,8.6,39,59
Lost,G,Ban,UK,61,0.96,7.7,47,65
Won,P,Sec,Ind,44,1.168,6.3,38,53
Won,P,Ene,UK,34,0.704,11.8,42,68
Lost,L,Ban,Afr,45,1.446,8.3,56,58
Won,L,Cap,UK,40,0.241,10.3,46,78
Lost,G,Tel,Spa,66,1.132,5.8,63,50
Won,G,Def,Ame,50,0.497,6.2,59,77
Won,F,Cap,Oth,57,1.034,8.1,49,78
Lost,Li,Con,UK,46,1.524,8.6,53,50
Lost,Li,Oth,Oth,64,0.779,9.5,55,59
Lost,F,Con,UK,54,1.373,7,58,52
Lost,F,Cap,Oth,57,1.332,8.9,56,59
Lost,G,Cap,Oth,41,1.49,9.8,42,58
Lost,C,Ban,UK,59,1.371,8.1,46,62
Lost,F,Cap,UK,60,0.972,7,63,71
Lost,C,Ban,UK,59,0.791,9.8,55,42
Lost,G,Oth,Afr,39,1.088,8.5,61,61
Won,G,Ban,Ame,43,0.84,5.7,37,66
Lost,G,Def,Ame,50,1.258,7.5,45,68
Lost,Li,Con,UK,46,1.084,2.6,56,59
Won,L,Ban,Afr,45,0.633,8.3,61,48
Won,G,Oth,Ame,38,0.217,7.5,51,68
Lost,G,Oth,Afr,39,1.754,6.7,62,74
Lost,P,Sec,Ind,44,1.263,6.4,49,58
Lost,P,Sec,Ame,68,0.61,9.2,49,54
Lost,Li,Oth,Oth,64,0.95,8.5,52,58
Lost,G,Ban,Afr,52,1.449,8.4,64,59
Won,G,Ban,Afr,52,0.942,9.8,52,72
Won,L,Ban,Afr,45,0.5,8.7,58,44
Won,P,Inf,UK,37,0.433,7.8,49,72
Won,P,Sec,Ind,44,0.777,7.1,44,73
Won,P,Con,UK,53,0.965,10.9,52,73
Lost,Li,Cap,Oth,47,1.955,5.3,67,76
Lost,F,Cap,Oth,57,1.26,5.8,43,50
Lost,G,Def,Jap,63,0.919,6.2,47,66
Won,Lo,Mob,UK,35,0.545,7.3,37,58
Won,L,Def,UK,51,0.897,6.5,48,63
Lost,C,Ban,UK,59,0.736,4.8,53,54
Won,P,Inf,UK,37,0.158,6.7,61,56
Lost,P,Con,UK,53,1.805,9,61,46
Won,G,Oth,UK,49,0.479,9.1,46,54
Lost,L,Ban,Afr,45,1.188,5.7,51,70
Lost,F,Cap,Oth,57,1.062,8.6,53,58
Lost,P,Sec,Ame,68,1.354,10.1,68,72
Won,L,Ban,Afr,45,1.017,8.9,43,72
Lost,G,Fin,UK,55,0.993,5.5,65,57
Lost,G,Ins,UK,58,1.36,7.3,50,70
Lost,G,Def,Ame,50,2.451,9,45,53
Won,G,Air,UK,56,0.564,6.2,50,72
Lost,G,Oth,UK,49,1.414,10,43,50
Won,C,Ban,UK,59,0.915,8.6,43,74
Lost,P,Cap,UK,71,1.387,11.2,26,42
Won,G,Oth,UK,49,0.938,9.8,46,65
Won,G,Ban,Ame,43,0.419,10.9,51,66
Won,G,Def,Ame,50,0.681,5.4,43,63
Won,G,Fin,UK,55,0.786,10.8,49,61
Won,F,Cap,Oth,57,-0.006,6.2,40,68
Lost,G,Cap,Oth,41,1.212,4.8,55,61
Won,L,Def,UK,51,-0.123,8.6,73,73
Lost,G,Ins,UK,58,0.763,6.8,65,62
Lost,F,Cap,Oth,57,1.528,8.6,45,70
Lost,P,Ene,UK,34,1.2,5.4,59,60
Won,G,Ins,UK,58,1.163,8.9,38,100
Won,L,Ene,UK,42,1.079,12.5,50,63
Lost,Li,Oth,Oth,64,0.87,9.7,48,53
Lost,P,Cap,UK,71,0.752,5.8,63,44
Lost,G,Ins,UK,58,0.855,6.9,52,64
Lost,G,Ban,Sin,65,0.876,6.2,56,66
Won,G,Oth,UK,49,1.051,5.6,44,64
Won,G,Def,Jap,63,1.406,7,22,62
Won,G,Oth,UK,49,1.252,7.6,45,74
Lost,F,Cap,UK,60,1.044,8,55,79
Won,C,Ban,UK,59,0.829,9.2,35,73
Won,G,Ban,Ame,43,0.424,10.3,67,76
Lost,G,Oth,Afr,39,1.454,7.4,60,46
Won,Li,Cap,Oth,47,1.131,7.4,39,62
Lost,G,Tel,Spa,66,0.661,9.8,53,53
Won,L,Cap,UK,40,0.996,12.2,44,79
Lost,G,Ins,UK,58,1.612,6,42,55
Won,G,Def,Ame,50,0.918,5.9,43,56
Lost,G,Def,Ame,50,1.605,8.5,67,57
Won,G,Oth,UK,49,0.587,6.4,52,100
Won,G,Ban,Afr,52,1.245,9.8,42,65
Lost,G,Ban,Sin,65,0.871,4.8,71,64
Lost,G,Def,Jap,63,1.252,7.8,53,56
Won,G,Oth,Afr,39,1.445,10.5,44,69
Won,P,Ene,UK,34,0.847,10.1,32,57
Lost,G,Ban,UK,61,1.603,7.8,52,61
Lost,G,Sec,Sin,73,1.126,7,45,67
Won,L,Cap,UK,40,0.5,7.3,30,59
Won,P,Def,Ame,22,0.986,3.9,26,67
Lost,Li,Oth,Oth,64,1.063,4.7,42,48
Lost,G,Def,Ame,50,1.255,11.8,70,53
Lost,G,Oth,UK,49,1.505,8.9,40,73
Won,G,Ban,Afr,52,1.075,8.7,36,45
Lost,G,Ins,UK,58,1.111,10,43,56
Lost,C,Ban,UK,59,1.225,8.2,36,61
Lost,P,Ene,UK,34,1.482,10.5,51,56
Won,Lo,Gov,UK,36,0.293,8.9,29,50
Lost,G,Ban,UK,61,1.874,10.2,35,68
Lost,Lo,Gov,UK,36,1.329,7.2,60,71
Lost,F,Cap,UK,60,1.886,7.7,49,62
Lost,G,Fin,UK,55,0.739,8,53,58
Won,G,OG,UK,19,1.528,10.4,43,63
Won,L,Ene,UK,42,0.072,6.6,59,53
Won,G,Cap,UK,48,0.783,5.9,60,77
Won,L,Ene,UK,42,1.225,5.3,44,40
Lost,G,Ins,UK,58,1.791,6.3,49,54
Lost,F,Con,UK,54,1.09,8.4,63,35
Lost,P,Con,UK,53,0.803,8.2,56,51
Won,G,Ins,UK,58,0.724,6,39,69
Won,G,Ban,UK,61,0.339,10.3,41,66
Won,P,Sec,Ind,44,0.691,9.2,57,71
Won,F,Cap,Oth,57,0.803,9.1,57,100
Lost,F,Cap,Oth,57,1.058,5.9,52,54
Won,F,Con,UK,54,0.419,11.1,57,57
Won,P,Whi,UK,15,1.27,6.9,55,79
Lost,G,Hea,UK,67,1.086,7.4,66,62
Lost,G,Oth,UK,49,1.189,5.6,61,73
Lost,G,Def,Ame,50,1.623,8.5,72,60
Won,Li,Cap,Oth,47,0.18,5.3,31,59
Lost,Li,Oth,Oth,64,1.482,7.1,61,72
Won,G,Cap,UK,48,0.846,10.2,47,65
Lost,G,Ban,Afr,52,1.433,8.3,40,48
Lost,L,Ban,Afr,45,1.371,4.9,54,43
Lost,P,Sec,Ind,44,1.793,6.2,46,44
Lost,Li,Cap,Oth,47,1.824,4,59,50
Lost,G,Def,Ame,50,1.387,11.6,61,60
Lost,G,Oth,Oth,69,1.593,8.4,51,56
Lost,F,Con,UK,54,1.314,7,51,100
Lost,Li,Cap,Oth,47,2.306,7.9,57,66
Won,G,Ban,Afr,52,0.814,11.5,37,59
Won,G,Ban,Afr,52,0.397,7.1,52,52
Won,G,Def,Oth,30,0.405,3.4,58,58
Lost,G,Tel,Spa,66,1.597,8,54,60
Won,P,Inf,UK,37,0.695,10.7,42,43
Won,G,Ban,Afr,52,0.763,12.1,46,54
Won,G,Cap,Oth,41,1.334,6.4,41,49
Won,P,Ene,UK,34,0.825,10.6,37,60
Lost,F,Con,UK,54,1.472,7.5,49,64
Won,P,Sec,Ind,44,1.182,8.8,50,72
Lost,G,Cap,Oth,41,1.35,9.5,58,53
Lost,F,Inf,UK,62,1.225,8.3,66,70
Lost,L,Def,UK,51,0.995,5.1,65,60
Lost,P,Sec,Ame,68,1.033,8.5,60,68
Won,G,Ban,UK,61,0.513,5.4,45,74
Lost,P,Sec,Ame,68,1.063,8.3,43,63
Won,P,Inf,UK,37,0.993,7.6,47,61
Won,Lo,Gov,UK,36,1.298,8.8,49,69
Won,Lo,Mob,UK,35,1.458,5.8,46,67
Won,G,Oth,UK,49,0.349,9.3,47,64
Won,F,Cap,Oth,57,0.595,9.5,58,60
Won,L,Ene,UK,42,0.6,7.1,43,65
Won,G,Cap,Oth,41,0.462,9.4,42,49
Won,Li,Con,UK,46,1.085,7.4,28,55
Won,Li,Cap,Oth,47,1.01,7,46,62
Won,G,Oth,Afr,39,0.584,6.2,46,35
Won,G,Def,Ame,50,0.002,7.3,46,65
Won,P,Sec,Ind,44,1.042,6.4,53,61
Won,F,Ins,UK,31,1.66,7.5,38,52
Won,G,Ban,Afr,52,0.931,5.8,45,100
Lost,G,Oth,Afr,39,1.694,9.5,49,50
Won,G,Oth,Ame,38,0.753,9.8,51,59
Won,F,Cap,Oth,57,0.283,7.5,58,38
Won,G,Ins,UK,58,1.094,5.1,33,75
Won,L,Def,UK,51,0.562,10.1,43,68
Won,F,Ins,UK,31,0.842,6.4,51,73
Lost,Li,Cap,Oth,47,1.418,9.1,38,44
Lost,F,Cap,Oth,57,1.01,5.7,69,62
Won,G,Ban,Ame,43,0.88,9,44,100
Won,P,Con,UK,53,0.946,8.2,45,65
Lost,G,Ban,Afr,52,0.441,5.2,70,58
Lost,Li,Cap,Oth,47,1.955,6.3,19,46
Won,G,Oth,UK,49,0.38,10.7,39,47
Lost,G,Ban,Sin,65,1.188,7.4,55,42
Won,G,Ban,Afr,52,-0.015,2.7,24,57
Lost,G,Def,Ame,50,1.085,4.8,44,42
Won,P,Sec,Ind,44,0.744,9.5,48,45
Won,Lo,Mob,UK,35,-0.203,7.9,50,54
Won,C,Ban,UK,59,0.395,7.8,43,57
Won,G,Hea,UK,67,-0.561,10.4,52,52
Lost,G,Oth,UK,49,1.48,9.9,57,44
Won,G,Sec,UK,32,1.359,7.1,48,53
Won,L,Ban,Afr,45,0.669,6.2,33,100
Won,G,Def,Jap,63,0.025,8.5,47,59
Lost,G,Ins,UK,58,1.259,9.1,50,57
Lost,G,Ins,UK,58,1.034,8.1,48,50
Won,C,Ban,UK,59,1.049,7.8,43,68
Won,G,Air,UK,56,1.057,7.1,41,48
Won,G,Ban,Ame,43,0.58,7.9,60,67
Won,L,Ene,UK,42,0.735,6.8,53,63
Lost,G,Cap,UK,48,2.112,4.8,47,53
Lost,P,Sec,Ind,44,0.965,7.9,53,51
Lost,Li,Con,UK,46,1.294,5.7,50,56
Lost,L,Def,UK,51,1.365,7.7,45,59
Won,G,Sec,UK,32,0.978,9.4,44,51
Won,G,Fin,UK,55,0.534,7.5,51,56
Won,G,Fin,UK,55,0.174,6.8,48,58
Lost,G,Oth,Afr,39,1.225,9.1,49,36
Won,P,Sec,Ind,44,1.097,8.8,46,55
Lost,G,Ban,Afr,52,1.183,9.2,54,74
Lost,G,Sec,UK,32,1.955,9,48,37
Lost,L,Ban,Afr,45,1.6,6.7,60,61
Won,G,Air,UK,56,0.501,8,54,61
Won,G,Def,Oth,30,0.7,5.2,53,75
Lost,F,Inf,UK,62,0.556,9.7,58,58
Lost,Li,Cap,Oth,47,1.148,8.9,53,72
Won,G,Oth,UK,49,0.538,7.7,47,55
Won,F,Cap,Oth,57,0.476,10.7,60,53
Won,G,Def,Ame,50,-0.097,9.5,55,64
Won,G,Oth,Ame,38,1.807,6.7,36,69
Won,L,Ban,Afr,45,0.311,6.7,39,77
Lost,F,Con,UK,54,1.64,4,45,66
Lost,L,Def,UK,51,1.209,7.2,60,65
Won,P,Mob,Can,29,0.419,7,56,69
Won,G,Ban,Ame,43,0.698,6.9,47,59
Lost,G,Def,Ame,50,1.017,9.5,52,52
Lost,G,Def,Jap,63,1.638,7.6,58,75
Won,L,Ene,UK,42,0.28,7.1,59,51
Lost,F,Inf,UK,62,1.528,8.7,62,54
Lost,G,Cap,Oth,41,1.555,6.8,54,79
Won,L,Ene,UK,42,1.329,8.6,39,57
Lost,P,Cap,UK,71,1.05,7.4,52,59
Won,Li,Con,UK,46,0.59,7.7,53,47
Lost,G,Oth,Oth,69,0.244,5.2,65,79
Lost,F,Inf,UK,62,1.163,9,62,67
Won,L,Def,UK,51,-0.026,10.5,58,66
Lost,G,Ins,UK,58,0.71,6,60,73
Lost,P,Con,UK,53,0.858,8.7,53,61
Lost,G,Oth,Afr,39,1.554,7.7,43,54
Won,G,Cap,UK,48,0.513,6.7,46,77
Won,G,Ban,UK,61,1.105,10.5,35,75
Lost,L,Def,UK,51,1.248,8,58,60
Won,P,OG,Jap,33,1.067,9.7,30,63
Won,L,Def,UK,51,0.177,5,56,45
Lost,L,Def,UK,51,1.698,7,44,59
Lost,G,Ban,Afr,52,1.299,9,49,60
Lost,G,Air,UK,56,1.413,7.2,44,27
Lost,G,Def,Jap,63,1.275,5.8,44,73
Lost,G,Fin,UK,55,1.137,6.1,50,58
Won,L,Def,UK,51,0.922,7.5,26,63
Won,G,Oth,UK,49,0.534,8.4,40,63
Won,P,Con,UK,53,-0.166,4.6,52,54
Lost,G,Cap,UK,48,1.625,7.4,45,77
Lost,G,Ban,Ame,43,1.244,8.8,64,59
Lost,F,Cap,Oth,57,1.521,9.1,52,47
Won,G,Ins,UK,58,1.062,7.7,44,65
Won,G,Cap,UK,48,1.022,7.5,43,52
Won,F,Cap,Oth,57,0.396,9.8,37,66
Lost,L,Ban,Afr,45,2.112,3.4,46,66
Won,G,Ins,UK,58,1.01,9.5,43,63
Lost,G,Oth,Afr,39,1.937,9.5,32,44
Won,G,Oth,UK,49,0.51,6,62,51
Lost,G,Oth,UK,49,0.773,7.6,61,62
Lost,G,Oth,UK,49,1.13,11.3,52,62
Won,P,Con,UK,53,1.409,5.2,37,64
Lost,G,Ban,Afr,52,1.492,13.4,52,55
Won,G,Ban,Ame,43,0.073,9.5,65,55
Won,G,Air,UK,56,0.748,7.3,35,58
Lost,P,Cli,UK,70,0.923,9.2,55,58
Won,P,Con,UK,53,0.617,9.3,44,50
Won,G,Ins,UK,58,0.351,5.4,66,100
Won,P,Sec,Ame,68,-0.154,10.6,46,61
Lost,F,Inf,UK,62,0.535,9.9,63,54
Won,P,Inf,UK,37,-0.016,12.9,43,60
Won,Li,Cap,Oth,47,0.3,7,47,60
Lost,G,Ban,Sin,65,1.299,7.7,44,67
Won,G,Def,Oth,30,1.176,6.4,49,50
Won,G,Def,Afr,25,0.36,9.4,78,58
Lost,P,Sec,Ind,44,0.539,7.9,77,73
Lost,L,Cap,UK,40,1.276,7.8,61,67
Won,Li,Con,UK,46,0.021,7.6,41,70
Won,Li,Cap,Oth,47,0.483,11.7,43,55
Lost,Li,Cap,Oth,47,1.365,8.5,47,48
Lost,Li,Oth,Oth,64,1.832,7.7,56,61
Won,L,Ban,Afr,45,0.539,11,62,57
Won,P,Whi,Jap,21,1.874,8,39,71
Won,L,Def,UK,51,1.046,9.7,48,64
Won,L,Ene,UK,42,1.451,5.1,36,53
Won,Li,Con,UK,46,0.764,6.5,46,75
Won,L,Ene,UK,42,1.186,7.9,46,56
Lost,G,Def,Ame,50,2.306,6.5,51,61
Won,L,Ban,Afr,45,0.914,7.3,53,67
Lost,G,Tel,Spa,66,0.67,5.8,59,63
Won,G,Ban,UK,61,1.106,7.7,41,100
Won,G,Oth,Ame,38,0.828,6.8,42,73
Won,F,Con,UK,54,0.646,6.2,40,62
Won,L,Ene,UK,42,0.839,4.4,38,47
Won,C,Ban,UK,59,-0.453,6.8,58,44
Lost,L,Ban,Afr,45,1.547,11,59,66
Lost,G,Cap,UK,48,0.987,6.3,58,55
Lost,P,Sec,Ind,44,1.371,4.4,53,46
Won,G,Oth,UK,49,0.852,2.8,49,54
Lost,G,Ins,UK,58,0.679,11.4,64,62
Won,P,OG,Jap,33,1.157,10,56,100
Lost,Li,Con,UK,46,1.456,6,57,53
Won,L,Ene,UK,42,0.445,7.9,49,55
Lost,L,Ban,Afr,45,1.685,8.3,61,58
Won,F,Con,UK,54,0.581,3.3,51,72
Won,G,Air,UK,56,0.921,8,31,68
Lost,Li,Oth,Oth,64,1.248,8.9,72,64
Lost,L,Def,UK,51,1.504,9,55,70
Won,G,Hea,UK,67,0.383,6,46,45
Lost,L,Ban,Afr,45,1.157,9.9,53,67
Won,G,Ban,Sin,65,0.473,7.3,43,57
Won,Li,Oth,Oth,64,0.882,10.4,38,62
Won,L,Ban,Afr,45,0.519,8,40,59
Won,G,Def,Ame,50,0.95,8.5,50,60
Won,G,Ban,Ame,43,1.442,12.8,34,77
Lost,G,Def,Jap,63,2.306,6.5,60,58
Won,G,Cap,UK,48,0.75,6.4,57,60
Won,G,Def,Ame,50,-0.055,9.5,51,46
Won,G,Ban,UK,61,1.296,9,42,58
